-- phpMyAdmin SQL Dump
-- version 5.2.0
-- https://www.phpmyadmin.net/
--
-- Host: 127.0.0.1
-- Generation Time: Jul 31, 2022 at 12:19 AM
-- Server version: 10.4.24-MariaDB
-- PHP Version: 8.1.6

SET SQL_MODE = "NO_AUTO_VALUE_ON_ZERO";
START TRANSACTION;
SET time_zone = "+00:00";


/*!40101 SET @OLD_CHARACTER_SET_CLIENT=@@CHARACTER_SET_CLIENT */;
/*!40101 SET @OLD_CHARACTER_SET_RESULTS=@@CHARACTER_SET_RESULTS */;
/*!40101 SET @OLD_COLLATION_CONNECTION=@@COLLATION_CONNECTION */;
/*!40101 SET NAMES utf8mb4 */;

--
-- Database: `blogproject`
--

-- --------------------------------------------------------

--
-- Table structure for table `category`
--

CREATE TABLE `category` (
  `id` int(11) NOT NULL,
  `category_name` varchar(255) NOT NULL,
  `slug` varchar(255) NOT NULL
) ENGINE=InnoDB DEFAULT CHARSET=latin1;

--
-- Dumping data for table `category`
--

INSERT INTO `category` (`id`, `category_name`, `slug`) VALUES
(1, 'Commerce', 'commerce'),
(2, 'Engineering', 'engineering-3082'),
(3, 'Energy', 'energy-1977'),
(4, 'Food', 'food-8198'),
(5, 'Fashion', 'fashion-5539'),
(6, 'Travel', 'travel-43');

-- --------------------------------------------------------

--
-- Table structure for table `comments`
--

CREATE TABLE `comments` (
  `id` int(11) NOT NULL,
  `post_id` int(11) NOT NULL,
  `user_name` varchar(255) NOT NULL,
  `comment` varchar(255) NOT NULL,
  `created_at` datetime DEFAULT current_timestamp()
) ENGINE=InnoDB DEFAULT CHARSET=latin1;

--
-- Dumping data for table `comments`
--

INSERT INTO `comments` (`id`, `post_id`, `user_name`, `comment`, `created_at`) VALUES
(48, 12, 'Comment Tester', 'comment from input ', '2022-07-30 00:00:00'),
(49, 17, 'Testing user', 'Comment from input ', '2022-07-30 00:00:00'),
(50, 29, 'Kalu', 'I love this post', '2022-07-30 00:00:00'),
(51, 29, 'Kalu', 'I love this post well well', '2022-07-30 00:00:00'),
(52, 28, 'Oluchi', 'Thank you so much for this. This post is a motivation. ', '2022-07-01 00:00:00'),
(53, 28, 'Cassidy', 'Thank you so much for this. This post is a motivation. ', '2022-07-07 00:00:00'),
(54, 28, 'David', 'Nice post.. thanks for sharing', '2022-07-08 00:00:00'),
(55, 28, 'Stepheny', 'Thanks alot for sharing this post.... Now I can take control of my time.', '2022-07-09 00:00:00'),
(56, 13, 'ChimaObi', 'I love solar energy.. very clean energy source...', '2022-07-01 00:00:00'),
(57, 28, 'Kenny', 'The most educating post I\'ve met this year. Thanks for sharing. Keep it up.', '2022-07-10 00:00:00'),
(58, 28, 'Destiny', 'Wow this is working', '2022-07-12 00:00:00'),
(59, 12, 'Okara', 'I love this post', '2022-07-30 20:35:38'),
(60, 28, 'Okara', 'I love this post', '2022-07-30 20:47:39'),
(61, 28, 'Sunny', 'Another testing comment', '2022-07-30 20:54:14'),
(62, 28, 'Anyuku Left', 'Seem like it worked', '2022-07-30 20:55:24'),
(63, 28, 'Rufus', 'Woow.. I will subscribe for more.. Thanks...', '2022-07-30 21:17:52'),
(64, 28, 'TESTER', 'tESTING THE COMMENT SECTION', '2022-07-30 21:19:39'),
(65, 28, 'Brad', 'Another Testing ', '2022-07-30 21:23:03'),
(66, 28, 'Cassidy', 'Still trying to get the comment section right', '2022-07-30 21:25:01'),
(67, 28, 'Oluchi Cassidy', 'The comment section is working well if you see this comment....', '2022-07-30 21:26:31'),
(68, 30, 'Godwin', 'Thanks for sharing... ', '2022-07-30 21:30:35'),
(69, 30, 'Godwin', 'Thanks for sharing... ', '2022-07-30 21:40:18'),
(70, 30, 'oluchi', 'This is a nice post', '2022-07-30 21:41:12'),
(71, 30, 'oluchi', 'This is a nice post', '2022-07-30 21:41:53'),
(72, 30, 'Cassidy', 'This is a nice post', '2022-07-30 21:42:05'),
(73, 30, 'Cassidy', 'This is a nice post', '2022-07-30 21:42:05'),
(74, 26, 'Kamsy', 'I want to order for this shoe.. Where can I get it Online?', '2022-07-30 21:43:53'),
(75, 26, 'Bushorg', 'I also need this ', '2022-07-30 21:44:29'),
(76, 30, 'Count Checker', 'Checking if count will increase without reloading the web page', '2022-07-30 21:46:57'),
(77, 13, 'Tayor', 'I want to purchase a solar panel that will power my house', '2022-07-30 21:47:49'),
(78, 25, 'Reader', 'Woow.... I look forward to reading part 4... thanks', '2022-07-30 21:49:33'),
(79, 12, 'Cassidy', 'I want to specially say that I love your posts.. I have taken my time to read most of your posts, and I must confess that you are doing a great job... Keep it up..', '2022-07-30 23:03:31');

-- --------------------------------------------------------

--
-- Table structure for table `likes`
--

CREATE TABLE `likes` (
  `id` int(11) NOT NULL,
  `post_id` int(11) NOT NULL,
  `user_name` varchar(255) NOT NULL,
  `created_at` timestamp NOT NULL DEFAULT current_timestamp() ON UPDATE current_timestamp()
) ENGINE=InnoDB DEFAULT CHARSET=utf8mb4;

-- --------------------------------------------------------

--
-- Table structure for table `posts`
--

CREATE TABLE `posts` (
  `id` int(11) NOT NULL,
  `user_id` int(11) DEFAULT NULL,
  `title` varchar(255) NOT NULL,
  `slug` varchar(255) NOT NULL,
  `image` varchar(255) NOT NULL,
  `body` text NOT NULL,
  `published` tinyint(1) NOT NULL,
  `created_at` timestamp NOT NULL DEFAULT current_timestamp() ON UPDATE current_timestamp(),
  `updated_at` timestamp NULL DEFAULT NULL
) ENGINE=InnoDB DEFAULT CHARSET=latin1;

--
-- Dumping data for table `posts`
--

INSERT INTO `posts` (`id`, `user_id`, `title`, `slug`, `image`, `body`, `published`, `created_at`, `updated_at`) VALUES
(11, 17, 'The most beautiful girl in Africa', 'the-most-beautiful-girl-in-africa-7225', 'uploads/8Oq9y3Xi/WIN_20220604_14_36_02_Pro.jpg', 'lorem at are they reason why people just ignore english becasuse of lack of grammatical comprehension, i don&#039;t believe that you are reading this. yet you understand what it says even though it is grammatically incorrect. i want to see tyou ot of they people and the nend of it all. cas eventually you are tgoing to make it big and puzzlination of christianation of incarcaratinaticalliguaricalurgicalbiograehchemographic lorem at are they reason why people just ignore english becasuse of lack of grammatical comprehension, i don&#039;t believe that you are reading this. yet you understand what it says even though it is grammatically incorrect. i want to see tyou ot of they people and the nend of it all. cas eventually you are tgoing to make it big and puzzlination of christianation of incarcaratinaticalliguaricalurgicalbiograehchemographic lorem at are they reason why people just ignore english becasuse of lack of grammatical comprehension, i don&#039;t believe that you are reading this. yet you understand what it says even though it is grammatically incorrect. i want to see tyou ot of they people and the nend of it all. cas eventually you are tgoing to make it big and puzzlination of christianation of incarcaratinaticalliguaricalurgicalbiograehchemographic lorem at are they reason why people just ignore english becasuse of lack of grammatical comprehension, i don&#039;t believe that you are reading this. yet you understand what it says even though it is grammatically incorrect. i want to see tyou ot of they people and the nend of it all. cas eventually you are tgoing to make it big and puzzlination of christianation of incarcaratinaticalliguaricalurgicalbiograehchemographic.\r\n\r\n\r\nlorem at are they reason why people just ignore english becasuse of lack of grammatical comprehension, i don&#039;t believe that you are reading this. yet you understand what it says even though it is grammatically incorrect. i want to see tyou ot of they people and the nend of it all. cas eventually you are tgoing to make it big and puzzlination of christianation of incarcaratinaticalliguaricalurgicalbiograehchemographic lorem at are they reason why people just ignore english becasuse of lack of grammatical comprehension, i don&#039;t believe that you are reading this. yet you understand what it says even though it is grammatically incorrect. i want to see tyou ot of they people and the nend of it all. cas eventually you are tgoing to make it big and puzzlination of christianation of incarcaratinaticalliguaricalurgicalbiograehchemographic lorem at are they reason why people just ignore english becasuse of lack of grammatical comprehension, i don&#039;t believe that you are reading this. yet you understand what it says even though it is grammatically incorrect. i want to see tyou ot of they people and the nend of it all. cas eventually you are tgoing to make it big and puzzlination of christianation of incarcaratinaticalliguaricalurgicalbiograehchemographic lorem at are they reason why people just ignore english becasuse of lack of grammatical comprehension, i don&#039;t believe that you are reading this. yet you understand what it says even though it is grammatically incorrect. i want to see tyou ot of they people and the nend of it all. cas eventually you are tgoing to make it big and puzzlination of christianation of incarcaratinaticalliguaricalurgicalbiograehchemographic.\r\n\r\nlorem at are they reason why people just ignore english becasuse of lack of grammatical comprehension, i don&#039;t believe that you are reading this. yet you understand what it says even though it is grammatically incorrect. i want to see tyou ot of they people and the nend of it all. cas eventually you are tgoing to make it big and puzzlination of christianation of incarcaratinaticalliguaricalurgicalbiograehchemographic lorem at are they reason why people just ignore english becasuse of lack of grammatical comprehension, i don&#039;t believe that you are reading this. yet you understand what it says even though it is grammatically incorrect. i want to see tyou ot of they people and the nend of it all. cas eventually you are tgoing to make it big and puzzlination of christianation of incarcaratinaticalliguaricalurgicalbiograehchemographic lorem at are they reason why people just ignore english becasuse of lack of grammatical comprehension, i don&#039;t believe that you are reading this. yet you understand what it says even though it is grammatically incorrect. i want to see tyou ot of they people and the nend of it all. cas eventually you are tgoing to make it big and puzzlination of christianation of incarcaratinaticalliguaricalurgicalbiograehchemographic lorem at are they reason why people just ignore english becasuse of lack of grammatical comprehension, i don&#039;t believe that you are reading this. yet you understand what it says even though it is grammatically incorrect. i want to see tyou ot of they people and the nend of it all. cas eventually you are tgoing to make it big and puzzlination of christianation of incarcaratinaticalliguaricalurgicalbiograehchemographic.\r\n\r\nlorem at are they reason why people just ignore english becasuse of lack of grammatical comprehension, i don&#039;t believe that you are reading this. yet you understand what it says even though it is grammatically incorrect. i want to see tyou ot of they people and the nend of it all. cas eventually you are tgoing to make it big and puzzlination of christianation of incarcaratinaticalliguaricalurgicalbiograehchemographic lorem at are they reason why people just ignore english becasuse of lack of grammatical comprehension, i don&#039;t believe that you are reading this. yet you understand what it says even though it is grammatically incorrect. i want to see tyou ot of they people and the nend of it all. cas eventually you are tgoing to make it big and puzzlination of christianation of incarcaratinaticalliguaricalurgicalbiograehchemographic lorem at are they reason why people just ignore english becasuse of lack of grammatical comprehension, i don&#039;t believe that you are reading this. yet you understand what it says even though it is grammatically incorrect. i want to see tyou ot of they people and the nend of it all. cas eventually you are tgoing to make it big and puzzlination of christianation of incarcaratinaticalliguaricalurgicalbiograehchemographic lorem at are they reason why people just ignore english becasuse of lack of grammatical comprehension, i don&#039;t believe that you are reading this. yet you understand what it says even though it is grammatically incorrect. i want to see tyou ot of they people and the nend of it all. cas eventually you are tgoing to make it big and puzzlination of christianation of incarcaratinaticalliguaricalurgicalbiograehchemographic.\r\n\r\n\r\nlorem at are they reason why people just ignore english becasuse of lack of grammatical comprehension, i don&#039;t believe that you are reading this. yet you understand what it says even though it is grammatically incorrect. i want to see tyou ot of they people and the nend of it all. cas eventually you are tgoing to make it big and puzzlination of christianation of incarcaratinaticalliguaricalurgicalbiograehchemographic lorem at are they reason why people just ignore english becasuse of lack of grammatical comprehension, i don&#039;t believe that you are reading this. yet you understand what it says even though it is grammatically incorrect. i want to see tyou ot of they people and the nend of it all. cas eventually you are tgoing to make it big and puzzlination of christianation of incarcaratinaticalliguaricalurgicalbiograehchemographic lorem at are they reason why people just ignore english becasuse of lack of grammatical comprehension, i don&#039;t believe that you are reading this. yet you understand what it says even though it is grammatically incorrect. i want to see tyou ot of they people and the nend of it all. cas eventually you are tgoing to make it big and puzzlination of christianation of incarcaratinaticalliguaricalurgicalbiograehchemographic lorem at are they reason why people just ignore english becasuse of lack of grammatical comprehension, i don&#039;t believe that you are reading this. yet you understand what it says even though it is grammatically incorrect. i want to see tyou ot of they people and the nend of it all. cas eventually you are tgoing to make it big and puzzlination of christianation of incarcaratinaticalliguaricalurgicalbiograehchemographic.\r\n\r\nlorem at are they reason why people just ignore english becasuse of lack of grammatical comprehension, i don&#039;t believe that you are reading this. yet you understand what it says even though it is grammatically incorrect. i want to see tyou ot of they people and the nend of it all. cas eventually you are tgoing to make it big and puzzlination of christianation of incarcaratinaticalliguaricalurgicalbiograehchemographic lorem at are they reason why people just ignore english becasuse of lack of grammatical comprehension, i don&#039;t believe that you are reading this. yet you understand what it says even though it is grammatically incorrect. i want to see tyou ot of they people and the nend of it all. cas eventually you are tgoing to make it big and puzzlination of christianation of incarcaratinaticalliguaricalurgicalbiograehchemographic lorem at are they reason why people just ignore english becasuse of lack of grammatical comprehension, i don&#039;t believe that you are reading this. yet you understand what it says even though it is grammatically incorrect. i want to see tyou ot of they people and the nend of it all. cas eventually you are tgoing to make it big and puzzlination of christianation of incarcaratinaticalliguaricalurgicalbiograehchemographic lorem at are they reason why people just ignore english becasuse of lack of grammatical comprehension, i don&#039;t believe that you are reading this. yet you understand what it says even though it is grammatically incorrect. i want to see tyou ot of they people and the nend of it all. cas eventually you are tgoing to make it big and puzzlination of christianation of incarcaratinaticalliguaricalurgicalbiograehchemographic.\r\n\r\n\r\nlorem at are they reason why people just ignore english becasuse of lack of grammatical comprehension, i don&#039;t believe that you are reading this. yet you understand what it says even though it is grammatically incorrect. i want to see tyou ot of they people and the nend of it all. cas eventually you are tgoing to make it big and puzzlination of christianation of incarcaratinaticalliguaricalurgicalbiograehchemographic lorem at are they reason why people just ignore english becasuse of lack of grammatical comprehension, i don&#039;t believe that you are reading this. yet you understand what it says even though it is grammatically incorrect. i want to see tyou ot of they people and the nend of it all. cas eventually you are tgoing to make it big and puzzlination of christianation of incarcaratinaticalliguaricalurgicalbiograehchemographic lorem at are they reason why people just ignore english becasuse of lack of grammatical comprehension, i don&#039;t believe that you are reading this. yet you understand what it says even though it is grammatically incorrect. i want to see tyou ot of they people and the nend of it all. cas eventually you are tgoing to make it big and puzzlination of christianation of incarcaratinaticalliguaricalurgicalbiograehchemographic lorem at are they reason why people just ignore english becasuse of lack of grammatical comprehension, i don&#039;t believe that you are reading this. yet you understand what it says even though it is grammatically incorrect. i want to see tyou ot of they people and the nend of it all. cas eventually you are tgoing to make it big and puzzlination of christianation of incarcaratinaticalliguaricalurgicalbiograehchemographic.\r\n\r\n\r\nlorem at are they reason why people just ignore english becasuse of lack of grammatical comprehension, i don&#039;t believe that you are reading this. yet you understand what it says even though it is grammatically incorrect. i want to see tyou ot of they people and the nend of it all. cas eventually you are tgoing to make it big and puzzlination of christianation of incarcaratinaticalliguaricalurgicalbiograehchemographic lorem at are they reason why people just ignore english becasuse of lack of grammatical comprehension, i don&#039;t believe that you are reading this. yet you understand what it says even though it is grammatically incorrect. i want to see tyou ot of they people and the nend of it all. cas eventually you are tgoing to make it big and puzzlination of christianation of incarcaratinaticalliguaricalurgicalbiograehchemographic lorem at are they reason why people just ignore english becasuse of lack of grammatical comprehension, i don&#039;t believe that you are reading this. yet you understand what it says even though it is grammatically incorrect. i want to see tyou ot of they people and the nend of it all. cas eventually you are tgoing to make it big and puzzlination of christianation of incarcaratinaticalliguaricalurgicalbiograehchemographic lorem at are they reason why people just ignore english becasuse of lack of grammatical comprehension, i don&#039;t believe that you are reading this. yet you understand what it says even though it is grammatically incorrect. i want to see tyou ot of they people and the nend of it all. cas eventually you are tgoing to make it big and puzzlination of christianation of incarcaratinaticalliguaricalurgicalbiograehchemographic.\r\n\r\nlorem at are they reason why people just ignore english becasuse of lack of grammatical comprehension, i don&#039;t believe that you are reading this. yet you understand what it says even though it is grammatically incorrect. i want to see tyou ot of they people and the nend of it all. cas eventually you are tgoing to make it big and puzzlination of christianation of incarcaratinaticalliguaricalurgicalbiograehchemographic lorem at are they reason why people just ignore english becasuse of lack of grammatical comprehension, i don&#039;t believe that you are reading this. yet you understand what it says even though it is grammatically incorrect. i want to see tyou ot of they people and the nend of it all. cas eventually you are tgoing to make it big and puzzlination of christianation of incarcaratinaticalliguaricalurgicalbiograehchemographic lorem at are they reason why people just ignore english becasuse of lack of grammatical comprehension, i don&#039;t believe that you are reading this. yet you understand what it says even though it is grammatically incorrect. i want to see tyou ot of they people and the nend of it all. cas eventually you are tgoing to make it big and puzzlination of christianation of incarcaratinaticalliguaricalurgicalbiograehchemographic lorem at are they reason why people just ignore english becasuse of lack of grammatical comprehension, i don&#039;t believe that you are reading this. yet you understand what it says even though it is grammatically incorrect. i want to see tyou ot of they people and the nend of it all. cas eventually you are tgoing to make it big and puzzlination of christianation of incarcaratinaticalliguaricalurgicalbiograehchemographic.', 1, '2022-07-26 19:17:01', NULL),
(12, 16, 'The Trend in Technology Today', 'the-trend-in-technology-today-2534', 'uploads/jpxMJ4xg/WIN_20220604_16_06_25_Pro.jpg', 'lorem at are they reason why people just ignore english becasuse of lack of grammatical comprehension, i don&#039;t believe that you are reading this. yet you understand what it says even though it is grammatically incorrect. i want to see tyou ot of they people and the nend of it all. cas eventually you are tgoing to make it big and puzzlination of christianation of incarcaratinaticalliguaricalurgicalbiograehchemographic lorem at are they reason why people just ignore english becasuse of lack of grammatical comprehension, i don&#039;t believe that you are reading this. yet you understand what it says even though it is grammatically incorrect. i want to see tyou ot of they people and the nend of it all. cas eventually you are tgoing to make it big and puzzlination of christianation of incarcaratinaticalliguaricalurgicalbiograehchemographic lorem at are they reason why people just ignore english becasuse of lack of grammatical comprehension, i don&#039;t believe that you are reading this. yet you understand what it says even though it is grammatically incorrect. i want to see tyou ot of they people and the nend of it all. cas eventually you are tgoing to make it big and puzzlination of christianation of incarcaratinaticalliguaricalurgicalbiograehchemographic lorem at are they reason why people just ignore english becasuse of lack of grammatical comprehension, i don&#039;t believe that you are reading this. yet you understand what it says even though it is grammatically incorrect. i want to see tyou ot of they people and the nend of it all. cas eventually you are tgoing to make it big and puzzlination of christianation of incarcaratinaticalliguaricalurgicalbiograehchemographic.\r\n\r\n\r\nlorem at are they reason why people just ignore english becasuse of lack of grammatical comprehension, i don&#039;t believe that you are reading this. yet you understand what it says even though it is grammatically incorrect. i want to see tyou ot of they people and the nend of it all. cas eventually you are tgoing to make it big and puzzlination of christianation of incarcaratinaticalliguaricalurgicalbiograehchemographic lorem at are they reason why people just ignore english becasuse of lack of grammatical comprehension, i don&#039;t believe that you are reading this. yet you understand what it says even though it is grammatically incorrect. i want to see tyou ot of they people and the nend of it all. cas eventually you are tgoing to make it big and puzzlination of christianation of incarcaratinaticalliguaricalurgicalbiograehchemographic lorem at are they reason why people just ignore english becasuse of lack of grammatical comprehension, i don&#039;t believe that you are reading this. yet you understand what it says even though it is grammatically incorrect. i want to see tyou ot of they people and the nend of it all. cas eventually you are tgoing to make it big and puzzlination of christianation of incarcaratinaticalliguaricalurgicalbiograehchemographic lorem at are they reason why people just ignore english becasuse of lack of grammatical comprehension, i don&#039;t believe that you are reading this. yet you understand what it says even though it is grammatically incorrect. i want to see tyou ot of they people and the nend of it all. cas eventually you are tgoing to make it big and puzzlination of christianation of incarcaratinaticalliguaricalurgicalbiograehchemographic.\r\n\r\nlorem at are they reason why people just ignore english becasuse of lack of grammatical comprehension, i don&#039;t believe that you are reading this. yet you understand what it says even though it is grammatically incorrect. i want to see tyou ot of they people and the nend of it all. cas eventually you are tgoing to make it big and puzzlination of christianation of incarcaratinaticalliguaricalurgicalbiograehchemographic lorem at are they reason why people just ignore english becasuse of lack of grammatical comprehension, i don&#039;t believe that you are reading this. yet you understand what it says even though it is grammatically incorrect. i want to see tyou ot of they people and the nend of it all. cas eventually you are tgoing to make it big and puzzlination of christianation of incarcaratinaticalliguaricalurgicalbiograehchemographic lorem at are they reason why people just ignore english becasuse of lack of grammatical comprehension, i don&#039;t believe that you are reading this. yet you understand what it says even though it is grammatically incorrect. i want to see tyou ot of they people and the nend of it all. cas eventually you are tgoing to make it big and puzzlination of christianation of incarcaratinaticalliguaricalurgicalbiograehchemographic lorem at are they reason why people just ignore english becasuse of lack of grammatical comprehension, i don&#039;t believe that you are reading this. yet you understand what it says even though it is grammatically incorrect. i want to see tyou ot of they people and the nend of it all. cas eventually you are tgoing to make it big and puzzlination of christianation of incarcaratinaticalliguaricalurgicalbiograehchemographic.', 1, '2022-07-27 13:49:34', NULL),
(13, 16, 'Why Solar energy is taking over Nigeria', 'why-solar-energy-is-taking-over-nigeria-4934', 'uploads/YslGlQkw/WIN_20220711_11_20_31_Pro.jpg', 'lorem at are they reason why people just ignore english becasuse of lack of grammatical comprehension, i don&#039;t believe that you are reading this. yet you understand what it says even though it is grammatically incorrect. i want to see tyou ot of they people and the nend of it all. cas eventually you are tgoing to make it big and puzzlination of christianation of incarcaratinaticalliguaricalurgicalbiograehchemographic lorem at are they reason why people just ignore english becasuse of lack of grammatical comprehension, i don&#039;t believe that you are reading this. yet you understand what it says even though it is grammatically incorrect. i want to see tyou ot of they people and the nend of it all. cas eventually you are tgoing to make it big and puzzlination of christianation of incarcaratinaticalliguaricalurgicalbiograehchemographic lorem at are they reason why people just ignore english becasuse of lack of grammatical comprehension, i don&#039;t believe that you are reading this. yet you understand what it says even though it is grammatically incorrect. i want to see tyou ot of they people and the nend of it all. cas eventually you are tgoing to make it big and puzzlination of christianation of incarcaratinaticalliguaricalurgicalbiograehchemographic lorem at are they reason why people just ignore english becasuse of lack of grammatical comprehension, i don&#039;t believe that you are reading this. yet you understand what it says even though it is grammatically incorrect. i want to see tyou ot of they people and the nend of it all. cas eventually you are tgoing to make it big and puzzlination of christianation of incarcaratinaticalliguaricalurgicalbiograehchemographic.\r\n\r\n\r\nlorem at are they reason why people just ignore english becasuse of lack of grammatical comprehension, i don&#039;t believe that you are reading this. yet you understand what it says even though it is grammatically incorrect. i want to see tyou ot of they people and the nend of it all. cas eventually you are tgoing to make it big and puzzlination of christianation of incarcaratinaticalliguaricalurgicalbiograehchemographic lorem at are they reason why people just ignore english becasuse of lack of grammatical comprehension, i don&#039;t believe that you are reading this. yet you understand what it says even though it is grammatically incorrect. i want to see tyou ot of they people and the nend of it all. cas eventually you are tgoing to make it big and puzzlination of christianation of incarcaratinaticalliguaricalurgicalbiograehchemographic lorem at are they reason why people just ignore english becasuse of lack of grammatical comprehension, i don&#039;t believe that you are reading this. yet you understand what it says even though it is grammatically incorrect. i want to see tyou ot of they people and the nend of it all. cas eventually you are tgoing to make it big and puzzlination of christianation of incarcaratinaticalliguaricalurgicalbiograehchemographic lorem at are they reason why people just ignore english becasuse of lack of grammatical comprehension, i don&#039;t believe that you are reading this. yet you understand what it says even though it is grammatically incorrect. i want to see tyou ot of they people and the nend of it all. cas eventually you are tgoing to make it big and puzzlination of christianation of incarcaratinaticalliguaricalurgicalbiograehchemographic.\r\n\r\nlorem at are they reason why people just ignore english becasuse of lack of grammatical comprehension, i don&#039;t believe that you are reading this. yet you understand what it says even though it is grammatically incorrect. i want to see tyou ot of they people and the nend of it all. cas eventually you are tgoing to make it big and puzzlination of christianation of incarcaratinaticalliguaricalurgicalbiograehchemographic lorem at are they reason why people just ignore english becasuse of lack of grammatical comprehension, i don&#039;t believe that you are reading this. yet you understand what it says even though it is grammatically incorrect. i want to see tyou ot of they people and the nend of it all. cas eventually you are tgoing to make it big and puzzlination of christianation of incarcaratinaticalliguaricalurgicalbiograehchemographic lorem at are they reason why people just ignore english becasuse of lack of grammatical comprehension, i don&#039;t believe that you are reading this. yet you understand what it says even though it is grammatically incorrect. i want to see tyou ot of they people and the nend of it all. cas eventually you are tgoing to make it big and puzzlination of christianation of incarcaratinaticalliguaricalurgicalbiograehchemographic lorem at are they reason why people just ignore english becasuse of lack of grammatical comprehension, i don&#039;t believe that you are reading this. yet you understand what it says even though it is grammatically incorrect. i want to see tyou ot of they people and the nend of it all. cas eventually you are tgoing to make it big and puzzlination of christianation of incarcaratinaticalliguaricalurgicalbiograehchemographic.', 1, '2022-07-26 19:16:35', NULL),
(14, 16, 'The Most Delicious Meal of Nigeria', 'the-most-delicious-meal-of-nigeria-1988', 'uploads/vk8EtLce/WIN_20220607_12_26_35_Pro.jpg', 'lorem at are they reason why people just ignore english becasuse of lack of grammatical comprehension, i don&#039;t believe that you are reading this. yet you understand what it says even though it is grammatically incorrect. i want to see tyou ot of they people and the nend of it all. cas eventually you are tgoing to make it big and puzzlination of christianation of incarcaratinaticalliguaricalurgicalbiograehchemographic lorem at are they reason why people just ignore english becasuse of lack of grammatical comprehension, i don&#039;t believe that you are reading this. yet you understand what it says even though it is grammatically incorrect. i want to see tyou ot of they people and the nend of it all. cas eventually you are tgoing to make it big and puzzlination of christianation of incarcaratinaticalliguaricalurgicalbiograehchemographic lorem at are they reason why people just ignore english becasuse of lack of grammatical comprehension, i don&#039;t believe that you are reading this. yet you understand what it says even though it is grammatically incorrect. i want to see tyou ot of they people and the nend of it all. cas eventually you are tgoing to make it big and puzzlination of christianation of incarcaratinaticalliguaricalurgicalbiograehchemographic lorem at are they reason why people just ignore english becasuse of lack of grammatical comprehension, i don&#039;t believe that you are reading this. yet you understand what it says even though it is grammatically incorrect. i want to see tyou ot of they people and the nend of it all. cas eventually you are tgoing to make it big and puzzlination of christianation of incarcaratinaticalliguaricalurgicalbiograehchemographic.\r\n\r\n\r\nlorem at are they reason why people just ignore english becasuse of lack of grammatical comprehension, i don&#039;t believe that you are reading this. yet you understand what it says even though it is grammatically incorrect. i want to see tyou ot of they people and the nend of it all. cas eventually you are tgoing to make it big and puzzlination of christianation of incarcaratinaticalliguaricalurgicalbiograehchemographic lorem at are they reason why people just ignore english becasuse of lack of grammatical comprehension, i don&#039;t believe that you are reading this. yet you understand what it says even though it is grammatically incorrect. i want to see tyou ot of they people and the nend of it all. cas eventually you are tgoing to make it big and puzzlination of christianation of incarcaratinaticalliguaricalurgicalbiograehchemographic lorem at are they reason why people just ignore english becasuse of lack of grammatical comprehension, i don&#039;t believe that you are reading this. yet you understand what it says even though it is grammatically incorrect. i want to see tyou ot of they people and the nend of it all. cas eventually you are tgoing to make it big and puzzlination of christianation of incarcaratinaticalliguaricalurgicalbiograehchemographic lorem at are they reason why people just ignore english becasuse of lack of grammatical comprehension, i don&#039;t believe that you are reading this. yet you understand what it says even though it is grammatically incorrect. i want to see tyou ot of they people and the nend of it all. cas eventually you are tgoing to make it big and puzzlination of christianation of incarcaratinaticalliguaricalurgicalbiograehchemographic.\r\n\r\nlorem at are they reason why people just ignore english becasuse of lack of grammatical comprehension, i don&#039;t believe that you are reading this. yet you understand what it says even though it is grammatically incorrect. i want to see tyou ot of they people and the nend of it all. cas eventually you are tgoing to make it big and puzzlination of christianation of incarcaratinaticalliguaricalurgicalbiograehchemographic lorem at are they reason why people just ignore english becasuse of lack of grammatical comprehension, i don&#039;t believe that you are reading this. yet you understand what it says even though it is grammatically incorrect. i want to see tyou ot of they people and the nend of it all. cas eventually you are tgoing to make it big and puzzlination of christianation of incarcaratinaticalliguaricalurgicalbiograehchemographic lorem at are they reason why people just ignore english becasuse of lack of grammatical comprehension, i don&#039;t believe that you are reading this. yet you understand what it says even though it is grammatically incorrect. i want to see tyou ot of they people and the nend of it all. cas eventually you are tgoing to make it big and puzzlination of christianation of incarcaratinaticalliguaricalurgicalbiograehchemographic lorem at are they reason why people just ignore english becasuse of lack of grammatical comprehension, i don&#039;t believe that you are reading this. yet you understand what it says even though it is grammatically incorrect. i want to see tyou ot of they people and the nend of it all. cas eventually you are tgoing to make it big and puzzlination of christianation of incarcaratinaticalliguaricalurgicalbiograehchemographic.', 1, '2022-07-26 19:16:12', NULL),
(15, 16, 'The Most Trended Women Fahsion in Africa', 'the-most-trended-women-fahsion-in-africa-2326', 'uploads/slI98JcB/admin-img.jpg', 'lorem at are they reason why people just ignore english becasuse of lack of grammatical comprehension, i don&#039;t believe that you are reading this. yet you understand what it says even though it is grammatically incorrect. i want to see tyou ot of they people and the nend of it all. cas eventually you are tgoing to make it big and puzzlination of christianation of incarcaratinaticalliguaricalurgicalbiograehchemographic lorem at are they reason why people just ignore english becasuse of lack of grammatical comprehension, i don&#039;t believe that you are reading this. yet you understand what it says even though it is grammatically incorrect. i want to see tyou ot of they people and the nend of it all. cas eventually you are tgoing to make it big and puzzlination of christianation of incarcaratinaticalliguaricalurgicalbiograehchemographic lorem at are they reason why people just ignore english becasuse of lack of grammatical comprehension, i don&#039;t believe that you are reading this. yet you understand what it says even though it is grammatically incorrect. i want to see tyou ot of they people and the nend of it all. cas eventually you are tgoing to make it big and puzzlination of christianation of incarcaratinaticalliguaricalurgicalbiograehchemographic lorem at are they reason why people just ignore english becasuse of lack of grammatical comprehension, i don&#039;t believe that you are reading this. yet you understand what it says even though it is grammatically incorrect. i want to see tyou ot of they people and the nend of it all. cas eventually you are tgoing to make it big and puzzlination of christianation of incarcaratinaticalliguaricalurgicalbiograehchemographic. lorem at are they reason why people just ignore english becasuse of lack of grammatical comprehension, i don&#039;t believe that you are reading this. yet you understand what it says even though it is grammatically incorrect. i want to see tyou ot of they people and the nend of it all. cas eventually you are tgoing to make it big and puzzlination of christianation of incarcaratinaticalliguaricalurgicalbiograehchemographic lorem at are they reason why people just ignore english becasuse of lack of grammatical comprehension, i don&#039;t believe that you are reading this. yet you understand what it says even though it is grammatically incorrect. i want to see tyou ot of they people and the nend of it all. cas eventually you are tgoing to make it big and puzzlination of christianation of incarcaratinaticalliguaricalurgicalbiograehchemographic lorem at are they reason why people just ignore english becasuse \r\nof lack of grammatical comprehension, i don&#039;t believe that you are reading this. yet you understand what it says even though it\r\n is grammatically incorrect. i want to see tyou ot of they people and the nend of it all. cas eventually you are tgoing to make it big and puzzlination of christianation of incarcaratinaticalliguaricalurgicalbiograehchemographic lorem at are they reason why people just ignore english becasuse of lack of grammatical comprehension, i don&#039;t believe that you are reading this. yet you understand what it says even though it is grammatically incorrect. i want to see tyou ot of they people and the nend of it all. cas eventually you are tgoing to make it big and puzzlination of christianation of incarcaratinaticalliguaricalurgicalbiograehchemographic. lorem at are they reason why people just ignore english becasuse of lack of grammatical comprehension, i don&#039;t believe that you are reading this. yet you understand what it says even though it is grammatically incorrect.\r\n i want to see tyou ot of they people and the nend of it all. cas eventually you are tgoing to make it big and puzzlination of christianation of incarcaratinaticalliguaricalurgicalbiograehchemographic lorem at are they reason why people just ignore english becasuse of lack of grammatical comprehension, i don&#039;t believe that you are reading this. yet you understand what it says even though it is grammatically incorrect. \r\n\r\ni want to see tyou ot of they people and the nend of it all. cas eventually you are tgoing to make it big and puzzlination of christianation of incarcaratinaticalliguaricalurgicalbiograehchemographic lorem at are they reason why people just ignore english becasuse of lack of grammatical comprehension, i don&#039;t believe that you are reading this. yet you understand what it says even though it is grammatically incorrect.\r\n i want to see tyou ot of they people and the nend of it all. cas eventually you are tgoing to make it big and puzzlination of christianation of incarcaratinaticalliguaricalurgicalbiograehchemographic lorem at are they reason why people just ignore english becasuse of lack of grammatical comprehension, i don&#039;t believe that you are reading this. yet you understand what it says even though it is grammatically incorrect. i want to see tyou ot of they people and the nend of it all. cas eventually you are tgoing to make it big and puzzlination of christianation of incarcaratinaticalliguaricalurgicalbiograehchemographic.', 1, '2022-07-27 22:22:22', NULL),
(16, 17, 'The Nutritional Value of Chicken And Shrimps', 'the-nutritional-value-of-chicken-and-shrimps-2279', 'uploads/vhkQJk1y/banner-img2.jpg', 'lorem at are they reason why people just ignore english becasuse of lack of grammatical comprehension, i don&#039;t believe that you are reading this. yet you understand what it says even though it is grammatically incorrect. i want to see tyou ot of they people and the nend of it all. cas eventually you are tgoing to make it big and puzzlination of christianation of incarcaratinaticalliguaricalurgicalbiograehchemographic lorem at are they reason why people just ignore english becasuse of lack of grammatical comprehension, i don&#039;t believe that you are reading this. yet you understand what it says even though it is grammatically incorrect. i want to see tyou ot of they people and the nend of it all. cas eventually you are tgoing to make it big and puzzlination of christianation of incarcaratinaticalliguaricalurgicalbiograehchemographic lorem at are they reason why people just ignore english becasuse of lack of grammatical comprehension, i don&#039;t believe that you are reading this. yet you understand what it says even though it is grammatically incorrect. i want to see tyou ot of they people and the nend of it all. cas eventually you are tgoing to make it big and puzzlination of christianation of incarcaratinaticalliguaricalurgicalbiograehchemographic lorem at are they reason why people just ignore english becasuse of lack of grammatical comprehension, i don&#039;t believe that you are reading this. yet you understand what it says even though it is grammatically incorrect. i want to see tyou ot of they people and the nend of it all. cas eventually you are tgoing to make it big and puzzlination of christianation of incarcaratinaticalliguaricalurgicalbiograehchemographic. lorem at are they reason why people just ignore english becasuse of lack of grammatical comprehension, i don&#039;t believe that you are reading this. yet you understand what it says even though it is grammatically incorrect. i want to see tyou ot of they people and the nend of it all. cas eventually you are tgoing to make it big and puzzlination of christianation of incarcaratinaticalliguaricalurgicalbiograehchemographic lorem at are they reason why people just ignore english becasuse of lack of grammatical comprehension, i don&#039;t believe that you are reading this. yet you understand what it says even though it is grammatically incorrect. i want to see tyou ot of they people and the nend of it all. cas eventually you are tgoing to make it big and puzzlination of christianation of incarcaratinaticalliguaricalurgicalbiograehchemographic lorem at are they reason why people just ignore english becasuse \r\nof lack of grammatical comprehension, i don&#039;t believe that you are reading this. yet you understand what it says even though it\r\n is grammatically incorrect. i want to see tyou ot of they people and the nend of it all. cas eventually you are tgoing to make it big and puzzlination of christianation of incarcaratinaticalliguaricalurgicalbiograehchemographic lorem at are they reason why people just ignore english becasuse of lack of grammatical comprehension, i don&#039;t believe that you are reading this. yet you understand what it says even though it is grammatically incorrect. i want to see tyou ot of they people and the nend of it all. cas eventually you are tgoing to make it big and puzzlination of christianation of incarcaratinaticalliguaricalurgicalbiograehchemographic. lorem at are they reason why people just ignore english becasuse of lack of grammatical comprehension, i don&#039;t believe that you are reading this. yet you understand what it says even though it is grammatically incorrect.\r\n i want to see tyou ot of they people and the nend of it all. cas eventually you are tgoing to make it big and puzzlination of christianation of incarcaratinaticalliguaricalurgicalbiograehchemographic lorem at are they reason why people just ignore english becasuse of lack of grammatical comprehension, i don&#039;t believe that you are reading this. yet you understand what it says even though it is grammatically incorrect. \r\n\r\ni want to see tyou ot of they people and the nend of it all. cas eventually you are tgoing to make it big and puzzlination of christianation of incarcaratinaticalliguaricalurgicalbiograehchemographic lorem at are they reason why people just ignore english becasuse of lack of grammatical comprehension, i don&#039;t believe that you are reading this. yet you understand what it says even though it is grammatically incorrect.\r\n i want to see tyou ot of they people and the nend of it all. cas eventually you are tgoing to make it big and puzzlination of christianation of incarcaratinaticalliguaricalurgicalbiograehchemographic lorem at are they reason why people just ignore english becasuse of lack of grammatical comprehension, i don&#039;t believe that you are reading this. yet you understand what it says even though it is grammatically incorrect. i want to see tyou ot of they people and the nend of it all. cas eventually you are tgoing to make it big and puzzlination of christianation of incarcaratinaticalliguaricalurgicalbiograehchemographic.', 1, '2022-07-27 22:22:16', NULL),
(17, 16, 'The New Trend in the Automotive World', 'the-new-trend-in-the-automotive-world-3872', 'uploads/WarZXZ7k/car.jpg', 'lorem at are they reason why people just ignore english becasuse of lack of grammatical comprehension, i don&#039;t believe that you are reading this. yet you understand what it says even though it is grammatically incorrect. i want to see tyou ot of they people and the nend of it all. cas eventually you are tgoing to make it big and puzzlination of christianation of incarcaratinaticalliguaricalurgicalbiograehchemographic lorem at are they reason why people just ignore english becasuse of lack of grammatical comprehension, i don&#039;t believe that you are reading this. yet you understand what it says even though it is grammatically incorrect. i want to see tyou ot of they people and the nend of it all. cas eventually you are tgoing to make it big and puzzlination of christianation of incarcaratinaticalliguaricalurgicalbiograehchemographic lorem at are they reason why people just ignore english becasuse of lack of grammatical comprehension, i don&#039;t believe that you are reading this. yet you understand what it says even though it is grammatically incorrect. i want to see tyou ot of they people and the nend of it all. cas eventually you are tgoing to make it big and puzzlination of christianation of incarcaratinaticalliguaricalurgicalbiograehchemographic lorem at are they reason why people just ignore english becasuse of lack of grammatical comprehension, i don&#039;t believe that you are reading this. yet you understand what it says even though it is grammatically incorrect. i want to see tyou ot of they people and the nend of it all. cas eventually you are tgoing to make it big and puzzlination of christianation of incarcaratinaticalliguaricalurgicalbiograehchemographic. lorem at are they reason why people just ignore english becasuse of lack of grammatical comprehension, i don&#039;t believe that you are reading this. yet you understand what it says even though it is grammatically incorrect. i want to see tyou ot of they people and the nend of it all. cas eventually you are tgoing to make it big and puzzlination of christianation of incarcaratinaticalliguaricalurgicalbiograehchemographic lorem at are they reason why people just ignore english becasuse of lack of grammatical comprehension, i don&#039;t believe that you are reading this. yet you understand what it says even though it is grammatically incorrect. i want to see tyou ot of they people and the nend of it all. cas eventually you are tgoing to make it big and puzzlination of christianation of incarcaratinaticalliguaricalurgicalbiograehchemographic lorem at are they reason why people just ignore english becasuse \r\nof lack of grammatical comprehension, i don&#039;t believe that you are reading this. yet you understand what it says even though it\r\n is grammatically incorrect. i want to see tyou ot of they people and the nend of it all. cas eventually you are tgoing to make it big and puzzlination of christianation of incarcaratinaticalliguaricalurgicalbiograehchemographic lorem at are they reason why people just ignore english becasuse of lack of grammatical comprehension, i don&#039;t believe that you are reading this. yet you understand what it says even though it is grammatically incorrect. i want to see tyou ot of they people and the nend of it all. cas eventually you are tgoing to make it big and puzzlination of christianation of incarcaratinaticalliguaricalurgicalbiograehchemographic. lorem at are they reason why people just ignore english becasuse of lack of grammatical comprehension, i don&#039;t believe that you are reading this. yet you understand what it says even though it is grammatically incorrect.\r\n i want to see tyou ot of they people and the nend of it all. cas eventually you are tgoing to make it big and puzzlination of christianation of incarcaratinaticalliguaricalurgicalbiograehchemographic lorem at are they reason why people just ignore english becasuse of lack of grammatical comprehension, i don&#039;t believe that you are reading this. yet you understand what it says even though it is grammatically incorrect. \r\n\r\ni want to see tyou ot of they people and the nend of it all. cas eventually you are tgoing to make it big and puzzlination of christianation of incarcaratinaticalliguaricalurgicalbiograehchemographic lorem at are they reason why people just ignore english becasuse of lack of grammatical comprehension, i don&#039;t believe that you are reading this. yet you understand what it says even though it is grammatically incorrect.\r\n i want to see tyou ot of they people and the nend of it all. cas eventually you are tgoing to make it big and puzzlination of christianation of incarcaratinaticalliguaricalurgicalbiograehchemographic lorem at are they reason why people just ignore english becasuse of lack of grammatical comprehension, i don&#039;t believe that you are reading this. yet you understand what it says even though it is grammatically incorrect. i want to see tyou ot of they people and the nend of it all. cas eventually you are tgoing to make it big and puzzlination of christianation of incarcaratinaticalliguaricalurgicalbiograehchemographic.', 1, '2022-07-27 22:22:11', NULL);
INSERT INTO `posts` (`id`, `user_id`, `title`, `slug`, `image`, `body`, `published`, `created_at`, `updated_at`) VALUES
(18, 16, 'The Nigerian African Salad Served to Americans', 'the-nigerian-african-salad-served-to-americans-2950', 'uploads/loaGviZc/food.PNG', 'lorem at are they reason why people just ignore english becasuse of lack of grammatical comprehension, i don&#039;t believe that you are reading this. yet you understand what it says even though it is grammatically incorrect. i want to see tyou ot of they people and the nend of it all. cas eventually you are tgoing to make it big and puzzlination of christianation of incarcaratinaticalliguaricalurgicalbiograehchemographic lorem at are they reason why people just ignore english becasuse of lack of grammatical comprehension, i don&#039;t believe that you are reading this. yet you understand what it says even though it is grammatically incorrect. i want to see tyou ot of they people and the nend of it all. cas eventually you are tgoing to make it big and puzzlination of christianation of incarcaratinaticalliguaricalurgicalbiograehchemographic lorem at are they reason why people just ignore english becasuse of lack of grammatical comprehension, i don&#039;t believe that you are reading this. yet you understand what it says even though it is grammatically incorrect. i want to see tyou ot of they people and the nend of it all. cas eventually you are tgoing to make it big and puzzlination of christianation of incarcaratinaticalliguaricalurgicalbiograehchemographic lorem at are they reason why people just ignore english becasuse of lack of grammatical comprehension, i don&#039;t believe that you are reading this. yet you understand what it says even though it is grammatically incorrect. i want to see tyou ot of they people and the nend of it all. cas eventually you are tgoing to make it big and puzzlination of christianation of incarcaratinaticalliguaricalurgicalbiograehchemographic. lorem at are they reason why people just ignore english becasuse of lack of grammatical comprehension, i don&#039;t believe that you are reading this. yet you understand what it says even though it is grammatically incorrect. i want to see tyou ot of they people and the nend of it all. cas eventually you are tgoing to make it big and puzzlination of christianation of incarcaratinaticalliguaricalurgicalbiograehchemographic lorem at are they reason why people just ignore english becasuse of lack of grammatical comprehension, i don&#039;t believe that you are reading this. yet you understand what it says even though it is grammatically incorrect. i want to see tyou ot of they people and the nend of it all. cas eventually you are tgoing to make it big and puzzlination of christianation of incarcaratinaticalliguaricalurgicalbiograehchemographic lorem at are they reason why people just ignore english becasuse of lack of grammatical comprehension, i don&#039;t believe that you are reading this. yet you understand what it says even though it is grammatically incorrect. i want to see tyou ot of they people and the nend of it all. cas eventually you are tgoing to make it big and puzzlination of christianation of incarcaratinaticalliguaricalurgicalbiograehchemographic lorem at are they reason why people just ignore english becasuse of lack of grammatical comprehension, i don&#039;t believe that you are reading this. yet you understand what it says even though it is grammatically incorrect. i want to see tyou ot of they people and the nend of it all. cas eventually you are tgoing to make it big and puzzlination of christianation of incarcaratinaticalliguaricalurgicalbiograehchemographic. lorem at are they reason why people just ignore english becasuse of lack of grammatical comprehension, i don&#039;t believe that you are reading this. yet you understand what it says even though it is grammatically incorrect. i want to see tyou ot of they people and the nend of it all. cas eventually you are tgoing to make it big and puzzlination of christianation of incarcaratinaticalliguaricalurgicalbiograehchemographic lorem at are they reason why people just ignore english becasuse of lack of grammatical comprehension, i don&#039;t believe that you are reading this. yet you understand what it says even though it is grammatically incorrect. i want to see tyou ot of they people and the nend of it all. cas eventually you are tgoing to make it big and puzzlination of christianation of incarcaratinaticalliguaricalurgicalbiograehchemographic lorem at are they reason why people just ignore english becasuse of lack of grammatical comprehension, i don&#039;t believe that you are reading this. yet you understand what it says even though it is grammatically incorrect. i want to see tyou ot of they people and the nend of it all. cas eventually you are tgoing to make it big and puzzlination of christianation of incarcaratinaticalliguaricalurgicalbiograehchemographic lorem at are they reason why people just ignore english becasuse of lack of grammatical comprehension, i don&#039;t believe that you are reading this. yet you understand what it says even though it is grammatically incorrect. i want to see tyou ot of they people and the nend of it all. cas eventually you are tgoing to make it big and puzzlination of christianation of incarcaratinaticalliguaricalurgicalbiograehchemographic.', 1, '2022-07-27 22:22:05', NULL),
(19, 17, 'Why Snails are very Good for Human Consumption', 'why-snails-are-very-good-for-human-consumption-7700', 'uploads/rXiOpy30/snails.PNG', 'orem at are they reason why people just ignore english becasuse of lack of grammatical comprehension, i don&#039;t believe that you are reading this. yet you understand what it says even though it is grammatically incorrect. i want to see tyou ot of they people and the nend of it all. cas eventually you are tgoing to make it big and puzzlination of christianation of incarcaratinaticalliguaricalurgicalbiograehchemographic lorem at are they reason why people just ignore english becasuse of lack of grammatical comprehension, i don&#039;t believe that you are reading this. yet you understand what it says even though it is grammatically incorrect. i want to see tyou ot of they people and the nend of it all. cas eventually you are tgoing to make it big and puzzlination of christianation of incarcaratinaticalliguaricalurgicalbiograehchemographic lorem at are they reason why people just ignore english becasuse of lack of grammatical comprehension, i don&#039;t believe that you are reading this. yet you understand what it says even though it is grammatically incorrect. i want to see tyou ot of they people and the nend of it all. cas eventually you are tgoing to make it big and puzzlination of christianation of incarcaratinaticalliguaricalurgicalbiograehchemographic lorem at are they reason why people just ignore english becasuse of lack of grammatical comprehension, i don&#039;t believe that you are reading this. yet you understand what it says even though it is grammatically incorrect. i want to see tyou ot of they people and the nend of it all. cas eventually you are tgoing to make it big and puzzlination of christianation of incarcaratinaticalliguaricalurgicalbiograehchemographic. lorem at are they reason why people just ignore english becasuse of lack of grammatical comprehension, i don&#039;t believe that you are reading this. yet you understand what it says even though it is grammatically incorrect. i want to see tyou ot of they people and the nend of it all. cas eventually you are tgoing to make it big and puzzlination of christianation of incarcaratinaticalliguaricalurgicalbiograehchemographic lorem at are they reason why people just ignore english becasuse of lack of grammatical comprehension, i don&#039;t believe that you are reading this. yet you understand what it says even though it is grammatically incorrect. i want to see tyou ot of they people and the nend of it all. cas eventually you are tgoing to make it big and puzzlination of christianation of incarcaratinaticalliguaricalurgicalbiograehchemographic lorem at are they reason why people just ignore english becasuse of lack of grammatical comprehension, i don&#039;t believe that you are reading this. yet you understand what it says even though it is grammatically incorrect. i want to see tyou ot of they people and the nend of it all. cas eventually you are tgoing to make it big and puzzlination of christianation of incarcaratinaticalliguaricalurgicalbiograehchemographic lorem at are they reason why people just ignore english becasuse of lack of grammatical comprehension, i don&#039;t believe that you are reading this. yet you understand what it says even though it is grammatically incorrect. i want to see tyou ot of they people and the nend of it all. cas eventually you are tgoing to make it big and puzzlination of christianation of incarcaratinaticalliguaricalurgicalbiograehchemographic. lorem at are they reason why people just ignore english becasuse of lack of grammatical comprehension, i don&#039;t believe that you are reading this. yet you understand what it says even though it is grammatically incorrect. i want to see tyou ot of they people and the nend of it all. cas eventually you are tgoing to make it big and puzzlination of christianation of incarcaratinaticalliguaricalurgicalbiograehchemographic lorem at are they reason why people just ignore english becasuse of lack of grammatical comprehension, i don&#039;t believe that you are reading this. yet you understand what it says even though it is grammatically incorrect. i want to see tyou ot of they people and the nend of it all. cas eventually you are tgoing to make it big and puzzlination of christianation of incarcaratinaticalliguaricalurgicalbiograehchemographic lorem at are they reason why people just ignore english becasuse of lack of grammatical comprehension, i don&#039;t believe that you are reading this. yet you understand what it says even though it is grammatically incorrect. i want to see tyou ot of they people and the nend of it all. cas eventually you are tgoing to make it big and puzzlination of christianation of incarcaratinaticalliguaricalurgicalbiograehchemographic lorem at are they reason why people just ignore english becasuse of lack of grammatical comprehension, i don&#039;t believe that you are reading this. yet you understand what it says even though it is grammatically incorrect. i want to see tyou ot of they people and the nend of it all. cas eventually you are tgoing to make it big and puzzlination of christianation of incarcaratinaticalliguaricalurgicalbiograehchemographic. lorem at are they reason why people just ignore english becasuse of lack of grammatical comprehension, i don&#039;t believe that you are reading this. yet you understand what it says even though it is grammatically incorrect. i want to see tyou ot of they people and the nend of it all. cas eventually you are tgoing to make it big and puzzlination of christianation of incarcaratinaticalliguaricalurgicalbiograehchemographic lorem at are they reason why people just ignore english becasuse of lack of grammatical comprehension, i don&#039;t believe that you are reading this. yet you understand what it says even though it is grammatically incorrect. i want to see tyou ot of they people and the nend of it all. cas eventually you are tgoing to make it big and puzzlination of christianation of incarcaratinaticalliguaricalurgicalbiograehchemographic lorem at are they reason why people just ignore english becasuse of lack of grammatical comprehension, i don&#039;t believe that you are reading this. yet you understand what it says even though it is grammatically incorrect. i want to see tyou ot of they people and the nend of it all. cas eventually you are tgoing to make it big and puzzlination of christianation of incarcaratinaticalliguaricalurgicalbiograehchemographic lorem at are they reason why people just ignore english becasuse of lack of grammatical comprehension, i don&#039;t believe that you are reading this. yet you understand what it says even though it is grammatically incorrect. i want to see tyou ot of they people and the nend of it all. cas eventually you are tgoing to make it big and puzzlination of christianation of incarcaratinaticalliguaricalurgicalbiograehchemographic. lorem at are they reason why people just ignore english becasuse of lack of grammatical comprehension, i don&#039;t believe that you are reading this. yet you understand what it says even though it is grammatically incorrect. i want to see tyou ot of they people and the nend of it all. cas eventually you are tgoing to make it big and puzzlination of christianation of incarcaratinaticalliguaricalurgicalbiograehchemographic lorem at are they reason why people just ignore english becasuse of lack of grammatical comprehension, i don&#039;t believe that you are reading this. yet you understand what it says even though it is grammatically incorrect. i want to see tyou ot of they people and the nend of it all. cas eventually you are tgoing to make it big and puzzlination of christianation of incarcaratinaticalliguaricalurgicalbiograehchemographic lorem at are they reason why people just ignore english becasuse of lack of grammatical comprehension, i don&#039;t believe that you are reading this. yet you understand what it says even though it is grammatically incorrect. i want to see tyou ot of they people and the nend of it all. cas eventually you are tgoing to make it big and puzzlination of christianation of incarcaratinaticalliguaricalurgicalbiograehchemographic lorem at are they reason why people just ignore english becasuse of lack of grammatical comprehension, i don&#039;t believe that you are reading this. yet you understand what it says even though it is grammatically incorrect. i want to see tyou ot of they people and the nend of it all. cas eventually you are tgoing to make it big and puzzlination of christianation of incarcaratinaticalliguaricalurgicalbiograehchemographic. lorem at are they reason why people just ignore english becasuse of lack of grammatical comprehension, i don&#039;t believe that you are reading this. yet you understand what it says even though it is grammatically incorrect. i want to see tyou ot of they people and the nend of it all. cas eventually you are tgoing to make it big and puzzlination of christianation of incarcaratinaticalliguaricalurgicalbiograehchemographic lorem at are they reason why people just ignore english becasuse of lack of grammatical comprehension, i don&#039;t believe that you are reading this. yet you understand what it says even though it is grammatically incorrect. i want to see tyou ot of they people and the nend of it all. cas eventually you are tgoing to make it big and puzzlination of christianation of incarcaratinaticalliguaricalurgicalbiograehchemographic lorem at are they reason why people just ignore english becasuse of lack of grammatical comprehension, i don&#039;t believe that you are reading this. yet you understand what it says even though it is grammatically incorrect. i want to see tyou ot of they people and the nend of it all.', 1, '2022-07-27 13:55:08', NULL),
(20, 16, 'Men Fashion You shoud Try Out', 'men-fashion-you-shoud-try-out-1418', 'uploads/kT4lYXKG/men-fashion.jpg', 'orem at are they reason why people just ignore english becasuse of lack of grammatical comprehension, i don&#039;t believe that you are reading this. yet you understand what it says even though it is grammatically incorrect. i want to see tyou ot of they people and the nend of it all. cas eventually you are tgoing to make it big and puzzlination of christianation of incarcaratinaticalliguaricalurgicalbiograehchemographic lorem at are they reason why people just ignore english becasuse of lack of grammatical comprehension, i don&#039;t believe that you are reading this. yet you understand what it says even though it is grammatically incorrect. i want to see tyou ot of they people and the nend of it all. cas eventually you are tgoing to make it big and puzzlination of christianation of incarcaratinaticalliguaricalurgicalbiograehchemographic lorem at are they reason why people just ignore english becasuse of lack of grammatical comprehension, i don&#039;t believe that you are reading this. yet you understand what it says even though it is grammatically incorrect. i want to see tyou ot of they people and the nend of it all. cas eventually you are tgoing to make it big and puzzlination of christianation of incarcaratinaticalliguaricalurgicalbiograehchemographic lorem at are they reason why people just ignore english becasuse of lack of grammatical comprehension, i don&#039;t believe that you are reading this. yet you understand what it says even though it is grammatically incorrect. i want to see tyou ot of they people and the nend of it all. cas eventually you are tgoing to make it big and puzzlination of christianation of incarcaratinaticalliguaricalurgicalbiograehchemographic. lorem at are they reason why people just ignore english becasuse of lack of grammatical comprehension, i don&#039;t believe that you are reading this. yet you understand what it says even though it is grammatically incorrect. i want to see tyou ot of they people and the nend of it all. cas eventually you are tgoing to make it big and puzzlination of christianation of incarcaratinaticalliguaricalurgicalbiograehchemographic lorem at are they reason why people just ignore english becasuse of lack of grammatical comprehension, i don&#039;t believe that you are reading this. yet you understand what it says even though it is grammatically incorrect. i want to see tyou ot of they people and the nend of it all. cas eventually you are tgoing to make it big and puzzlination of christianation of incarcaratinaticalliguaricalurgicalbiograehchemographic lorem at are they reason why people just ignore english becasuse of lack of grammatical comprehension, i don&#039;t believe that you are reading this. yet you understand what it says even though it is grammatically incorrect. i want to see tyou ot of they people and the nend of it all. cas eventually you are tgoing to make it big and puzzlination of christianation of incarcaratinaticalliguaricalurgicalbiograehchemographic lorem at are they reason why people just ignore english becasuse of lack of grammatical comprehension, i don&#039;t believe that you are reading this. yet you understand what it says even though it is grammatically incorrect. i want to see tyou ot of they people and the nend of it all. cas eventually you are tgoing to make it big and puzzlination of christianation of incarcaratinaticalliguaricalurgicalbiograehchemographic. lorem at are they reason why people just ignore english becasuse of lack of grammatical comprehension, i don&#039;t believe that you are reading this. yet you understand what it says even though it is grammatically incorrect. i want to see tyou ot of they people and the nend of it all. cas eventually you are tgoing to make it big and puzzlination of christianation of incarcaratinaticalliguaricalurgicalbiograehchemographic lorem at are they reason why people just ignore english becasuse of lack of grammatical comprehension, i don&#039;t believe that you are reading this. yet you understand what it says even though it is grammatically incorrect. i want to see tyou ot of they people and the nend of it all. cas eventually you are tgoing to make it big and puzzlination of christianation of incarcaratinaticalliguaricalurgicalbiograehchemographic lorem at are they reason why people just ignore english becasuse of lack of grammatical comprehension, i don&#039;t believe that you are reading this. yet you understand what it says even though it is grammatically incorrect. i want to see tyou ot of they people and the nend of it all. cas eventually you are tgoing to make it big and puzzlination of christianation of incarcaratinaticalliguaricalurgicalbiograehchemographic lorem at are they reason why people just ignore english becasuse of lack of grammatical comprehension, i don&#039;t believe that you are reading this. yet you understand what it says even though it is grammatically incorrect. i want to see tyou ot of they people and the nend of it all. cas eventually you are tgoing to make it big and puzzlination of christianation of incarcaratinaticalliguaricalurgicalbiograehchemographic. lorem at are they reason why people just ignore english becasuse of lack of grammatical comprehension, i don&#039;t believe that you are reading this. yet you understand what it says even though it is grammatically incorrect. i want to see tyou ot of they people and the nend of it all. cas eventually you are tgoing to make it big and puzzlination of christianation of incarcaratinaticalliguaricalurgicalbiograehchemographic lorem at are they reason why people just ignore english becasuse of lack of grammatical comprehension, i don&#039;t believe that you are reading this. yet you understand what it says even though it is grammatically incorrect. i want to see tyou ot of they people and the nend of it all. cas eventually you are tgoing to make it big and puzzlination of christianation of incarcaratinaticalliguaricalurgicalbiograehchemographic lorem at are they reason why people just ignore english becasuse of lack of grammatical comprehension, i don&#039;t believe that you are reading this. yet you understand what it says even though it is grammatically incorrect. i want to see tyou ot of they people and the nend of it all. cas eventually you are tgoing to make it big and puzzlination of christianation of incarcaratinaticalliguaricalurgicalbiograehchemographic lorem at are they reason why people just ignore english becasuse of lack of grammatical comprehension, i don&#039;t believe that you are reading this. yet you understand what it says even though it is grammatically incorrect. i want to see tyou ot of they people and the nend of it all. cas eventually you are tgoing to make it big and puzzlination of christianation of incarcaratinaticalliguaricalurgicalbiograehchemographic. lorem at are they reason why people just ignore english becasuse of lack of grammatical comprehension, i don&#039;t believe that you are reading this. yet you understand what it says even though it is grammatically incorrect. i want to see tyou ot of they people and the nend of it all. cas eventually you are tgoing to make it big and puzzlination of christianation of incarcaratinaticalliguaricalurgicalbiograehchemographic lorem at are they reason why people just ignore english becasuse of lack of grammatical comprehension, i don&#039;t believe that you are reading this. yet you understand what it says even though it is grammatically incorrect. i want to see tyou ot of they people and the nend of it all. cas eventually you are tgoing to make it big and puzzlination of christianation of incarcaratinaticalliguaricalurgicalbiograehchemographic lorem at are they reason why people just ignore english becasuse of lack of grammatical comprehension, i don&#039;t believe that you are reading this. yet you understand what it says even though it is grammatically incorrect. i want to see tyou ot of they people and the nend of it all. cas eventually you are tgoing to make it big and puzzlination of christianation of incarcaratinaticalliguaricalurgicalbiograehchemographic lorem at are they reason why people just ignore english becasuse of lack of grammatical comprehension, i don&#039;t believe that you are reading this. yet you understand what it says even though it is grammatically incorrect. i want to see tyou ot of they people and the nend of it all. cas eventually you are tgoing to make it big and puzzlination of christianation of incarcaratinaticalliguaricalurgicalbiograehchemographic. lorem at are they reason why people just ignore english becasuse of lack of grammatical comprehension, i don&#039;t believe that you are reading this. yet you understand what it says even though it is grammatically incorrect. i want to see tyou ot of they people and the nend of it all. cas eventually you are tgoing to make it big and puzzlination of christianation of incarcaratinaticalliguaricalurgicalbiograehchemographic lorem at are they reason why people just ignore english becasuse of lack of grammatical comprehension, i don&#039;t believe that you are reading this. yet you understand what it says even though it is grammatically incorrect. i want to see tyou ot of they people and the nend of it all. cas eventually you are tgoing to make it big and puzzlination of christianation of incarcaratinaticalliguaricalurgicalbiograehchemographic lorem at are they reason why people just ignore english becasuse of lack of grammatical comprehension, i don&#039;t believe that you are reading this. yet you understand what it says even though it is grammatically incorrect. i want to see tyou ot of they people and the nend of it all.', 1, '2022-07-27 13:53:55', NULL),
(21, 16, 'Why Most Men Wear Suit to Outdoor Programmes', 'why-most-men-wear-suit-to-outdoor-programmes-2704', 'uploads/h7GRBTr0/fashion-boy.jpg', 'orem at are they reason why people just ignore english becasuse of lack of grammatical comprehension, i don&#039;t believe that you are reading this. yet you understand what it says even though it is grammatically incorrect. i want to see tyou ot of they people and the nend of it all. cas eventually you are tgoing to make it big and puzzlination of christianation of incarcaratinaticalliguaricalurgicalbiograehchemographic lorem at are they reason why people just ignore english becasuse of lack of grammatical comprehension, i don&#039;t believe that you are reading this. yet you understand what it says even though it is grammatically incorrect. i want to see tyou ot of they people and the nend of it all. cas eventually you are tgoing to make it big and puzzlination of christianation of incarcaratinaticalliguaricalurgicalbiograehchemographic lorem at are they reason why people just ignore english becasuse of lack of grammatical comprehension, i don&#039;t believe that you are reading this. yet you understand what it says even though it is grammatically incorrect. i want to see tyou ot of they people and the nend of it all. cas eventually you are tgoing to make it big and puzzlination of christianation of incarcaratinaticalliguaricalurgicalbiograehchemographic lorem at are they reason why people just ignore english becasuse of lack of grammatical comprehension, i don&#039;t believe that you are reading this. yet you understand what it says even though it is grammatically incorrect. i want to see tyou ot of they people and the nend of it all. cas eventually you are tgoing to make it big and puzzlination of christianation of incarcaratinaticalliguaricalurgicalbiograehchemographic. lorem at are they reason why people just ignore english becasuse of lack of grammatical comprehension, i don&#039;t believe that you are reading this. yet you understand what it says even though it is grammatically incorrect. i want to see tyou ot of they people and the nend of it all. cas eventually you are tgoing to make it big and puzzlination of christianation of incarcaratinaticalliguaricalurgicalbiograehchemographic lorem at are they reason why people just ignore english becasuse of lack of grammatical comprehension, i don&#039;t believe that you are reading this. yet you understand what it says even though it is grammatically incorrect. i want to see tyou ot of they people and the nend of it all. cas eventually you are tgoing to make it big and puzzlination of christianation of incarcaratinaticalliguaricalurgicalbiograehchemographic lorem at are they reason why people just ignore english becasuse of lack of grammatical comprehension, i don&#039;t believe that you are reading this. yet you understand what it says even though it is grammatically incorrect. i want to see tyou ot of they people and the nend of it all. cas eventually you are tgoing to make it big and puzzlination of christianation of incarcaratinaticalliguaricalurgicalbiograehchemographic lorem at are they reason why people just ignore english becasuse of lack of grammatical comprehension, i don&#039;t believe that you are reading this. yet you understand what it says even though it is grammatically incorrect. i want to see tyou ot of they people and the nend of it all. cas eventually you are tgoing to make it big and puzzlination of christianation of incarcaratinaticalliguaricalurgicalbiograehchemographic. lorem at are they reason why people just ignore english becasuse of lack of grammatical comprehension, i don&#039;t believe that you are reading this. yet you understand what it says even though it is grammatically incorrect. i want to see tyou ot of they people and the nend of it all. cas eventually you are tgoing to make it big and puzzlination of christianation of incarcaratinaticalliguaricalurgicalbiograehchemographic lorem at are they reason why people just ignore english becasuse of lack of grammatical comprehension, i don&#039;t believe that you are reading this. yet you understand what it says even though it is grammatically incorrect. i want to see tyou ot of they people and the nend of it all. cas eventually you are tgoing to make it big and puzzlination of christianation of incarcaratinaticalliguaricalurgicalbiograehchemographic lorem at are they reason why people just ignore english becasuse of lack of grammatical comprehension, i don&#039;t believe that you are reading this. yet you understand what it says even though it is grammatically incorrect. i want to see tyou ot of they people and the nend of it all. cas eventually you are tgoing to make it big and puzzlination of christianation of incarcaratinaticalliguaricalurgicalbiograehchemographic lorem at are they reason why people just ignore english becasuse of lack of grammatical comprehension, i don&#039;t believe that you are reading this. yet you understand what it says even though it is grammatically incorrect. i want to see tyou ot of they people and the nend of it all. cas eventually you are tgoing to make it big and puzzlination of christianation of incarcaratinaticalliguaricalurgicalbiograehchemographic. lorem at are they reason why people just ignore english becasuse of lack of grammatical comprehension, i don&#039;t believe that you are reading this. yet you understand what it says even though it is grammatically incorrect. i want to see tyou ot of they people and the nend of it all. cas eventually you are tgoing to make it big and puzzlination of christianation of incarcaratinaticalliguaricalurgicalbiograehchemographic lorem at are they reason why people just ignore english becasuse of lack of grammatical comprehension, i don&#039;t believe that you are reading this. yet you understand what it says even though it is grammatically incorrect. i want to see tyou ot of they people and the nend of it all. cas eventually you are tgoing to make it big and puzzlination of christianation of incarcaratinaticalliguaricalurgicalbiograehchemographic lorem at are they reason why people just ignore english becasuse of lack of grammatical comprehension, i don&#039;t believe that you are reading this. yet you understand what it says even though it is grammatically incorrect. i want to see tyou ot of they people and the nend of it all. cas eventually you are tgoing to make it big and puzzlination of christianation of incarcaratinaticalliguaricalurgicalbiograehchemographic lorem at are they reason why people just ignore english becasuse of lack of grammatical comprehension, i don&#039;t believe that you are reading this. yet you understand what it says even though it is grammatically incorrect. i want to see tyou ot of they people and the nend of it all. cas eventually you are tgoing to make it big and puzzlination of christianation of incarcaratinaticalliguaricalurgicalbiograehchemographic. lorem at are they reason why people just ignore english becasuse of lack of grammatical comprehension, i don&#039;t believe that you are reading this. yet you understand what it says even though it is grammatically incorrect. i want to see tyou ot of they people and the nend of it all. cas eventually you are tgoing to make it big and puzzlination of christianation of incarcaratinaticalliguaricalurgicalbiograehchemographic lorem at are they reason why people just ignore english becasuse of lack of grammatical comprehension, i don&#039;t believe that you are reading this. yet you understand what it says even though it is grammatically incorrect. i want to see tyou ot of they people and the nend of it all. cas eventually you are tgoing to make it big and puzzlination of christianation of incarcaratinaticalliguaricalurgicalbiograehchemographic lorem at are they reason why people just ignore english becasuse of lack of grammatical comprehension, i don&#039;t believe that you are reading this. yet you understand what it says even though it is grammatically incorrect. i want to see tyou ot of they people and the nend of it all. cas eventually you are tgoing to make it big and puzzlination of christianation of incarcaratinaticalliguaricalurgicalbiograehchemographic lorem at are they reason why people just ignore english becasuse of lack of grammatical comprehension, i don&#039;t believe that you are reading this. yet you understand what it says even though it is grammatically incorrect. i want to see tyou ot of they people and the nend of it all. cas eventually you are tgoing to make it big and puzzlination of christianation of incarcaratinaticalliguaricalurgicalbiograehchemographic. lorem at are they reason why people just ignore english becasuse of lack of grammatical comprehension, i don&#039;t believe that you are reading this. yet you understand what it says even though it is grammatically incorrect. i want to see tyou ot of they people and the nend of it all. cas eventually you are tgoing to make it big and puzzlination of christianation of incarcaratinaticalliguaricalurgicalbiograehchemographic lorem at are they reason why people just ignore english becasuse of lack of grammatical comprehension, i don&#039;t believe that you are reading this. yet you understand what it says even though it is grammatically incorrect. i want to see tyou ot of they people and the nend of it all. cas eventually you are tgoing to make it big and puzzlination of christianation of incarcaratinaticalliguaricalurgicalbiograehchemographic lorem at are they reason why people just ignore english becasuse of lack of grammatical comprehension, i don&#039;t believe that you are reading this. yet you understand what it says even though it is grammatically incorrect. i want to see tyou ot of they people and the nend of it all.', 1, '2022-07-27 13:53:33', '2022-07-27 14:47:12'),
(22, 17, 'Most Purchased Fashion 2021', 'most-purchased-fashion-2021-8562', 'uploads/3PC5TZ5A/fashion-girl.jpg', 'orem at are they reason why people just ignore english becasuse of lack of grammatical comprehension, i don&#039;t believe that you are reading this. yet you understand what it says even though it is grammatically incorrect. i want to see tyou ot of they people and the nend of it all. cas eventually you are tgoing to make it big and puzzlination of christianation of incarcaratinaticalliguaricalurgicalbiograehchemographic lorem at are they reason why people just ignore english becasuse of lack of grammatical comprehension, i don&#039;t believe that you are reading this. yet you understand what it says even though it is grammatically incorrect. i want to see tyou ot of they people and the nend of it all. cas eventually you are tgoing to make it big and puzzlination of christianation of incarcaratinaticalliguaricalurgicalbiograehchemographic lorem at are they reason why people just ignore english becasuse of lack of grammatical comprehension, i don&#039;t believe that you are reading this. yet you understand what it says even though it is grammatically incorrect. i want to see tyou ot of they people and the nend of it all. cas eventually you are tgoing to make it big and puzzlination of christianation of incarcaratinaticalliguaricalurgicalbiograehchemographic lorem at are they reason why people just ignore english becasuse of lack of grammatical comprehension, i don&#039;t believe that you are reading this. yet you understand what it says even though it is grammatically incorrect. i want to see tyou ot of they people and the nend of it all. cas eventually you are tgoing to make it big and puzzlination of christianation of incarcaratinaticalliguaricalurgicalbiograehchemographic. lorem at are they reason why people just ignore english becasuse of lack of grammatical comprehension, i don&#039;t believe that you are reading this. yet you understand what it says even though it is grammatically incorrect. i want to see tyou ot of they people and the nend of it all. cas eventually you are tgoing to make it big and puzzlination of christianation of incarcaratinaticalliguaricalurgicalbiograehchemographic lorem at are they reason why people just ignore english becasuse of lack of grammatical comprehension, i don&#039;t believe that you are reading this. yet you understand what it says even though it is grammatically incorrect. i want to see tyou ot of they people and the nend of it all. cas eventually you are tgoing to make it big and puzzlination of christianation of incarcaratinaticalliguaricalurgicalbiograehchemographic lorem at are they reason why people just ignore english becasuse of lack of grammatical comprehension, i don&#039;t believe that you are reading this. yet you understand what it says even though it is grammatically incorrect. i want to see tyou ot of they people and the nend of it all. cas eventually you are tgoing to make it big and puzzlination of christianation of incarcaratinaticalliguaricalurgicalbiograehchemographic lorem at are they reason why people just ignore english becasuse of lack of grammatical comprehension, i don&#039;t believe that you are reading this. yet you understand what it says even though it is grammatically incorrect. i want to see tyou ot of they people and the nend of it all. cas eventually you are tgoing to make it big and puzzlination of christianation of incarcaratinaticalliguaricalurgicalbiograehchemographic. lorem at are they reason why people just ignore english becasuse of lack of grammatical comprehension, i don&#039;t believe that you are reading this. yet you understand what it says even though it is grammatically incorrect. i want to see tyou ot of they people and the nend of it all. cas eventually you are tgoing to make it big and puzzlination of christianation of incarcaratinaticalliguaricalurgicalbiograehchemographic lorem at are they reason why people just ignore english becasuse of lack of grammatical comprehension, i don&#039;t believe that you are reading this. yet you understand what it says even though it is grammatically incorrect. i want to see tyou ot of they people and the nend of it all. cas eventually you are tgoing to make it big and puzzlination of christianation of incarcaratinaticalliguaricalurgicalbiograehchemographic lorem at are they reason why people just ignore english becasuse of lack of grammatical comprehension, i don&#039;t believe that you are reading this. yet you understand what it says even though it is grammatically incorrect. i want to see tyou ot of they people and the nend of it all. cas eventually you are tgoing to make it big and puzzlination of christianation of incarcaratinaticalliguaricalurgicalbiograehchemographic lorem at are they reason why people just ignore english becasuse of lack of grammatical comprehension, i don&#039;t believe that you are reading this. yet you understand what it says even though it is grammatically incorrect. i want to see tyou ot of they people and the nend of it all. cas eventually you are tgoing to make it big and puzzlination of christianation of incarcaratinaticalliguaricalurgicalbiograehchemographic. lorem at are they reason why people just ignore english becasuse of lack of grammatical comprehension, i don&#039;t believe that you are reading this. yet you understand what it says even though it is grammatically incorrect. i want to see tyou ot of they people and the nend of it all. cas eventually you are tgoing to make it big and puzzlination of christianation of incarcaratinaticalliguaricalurgicalbiograehchemographic lorem at are they reason why people just ignore english becasuse of lack of grammatical comprehension, i don&#039;t believe that you are reading this. yet you understand what it says even though it is grammatically incorrect. i want to see tyou ot of they people and the nend of it all. cas eventually you are tgoing to make it big and puzzlination of christianation of incarcaratinaticalliguaricalurgicalbiograehchemographic lorem at are they reason why people just ignore english becasuse of lack of grammatical comprehension, i don&#039;t believe that you are reading this. yet you understand what it says even though it is grammatically incorrect. i want to see tyou ot of they people and the nend of it all. cas eventually you are tgoing to make it big and puzzlination of christianation of incarcaratinaticalliguaricalurgicalbiograehchemographic lorem at are they reason why people just ignore english becasuse of lack of grammatical comprehension, i don&#039;t believe that you are reading this. yet you understand what it says even though it is grammatically incorrect. i want to see tyou ot of they people and the nend of it all. cas eventually you are tgoing to make it big and puzzlination of christianation of incarcaratinaticalliguaricalurgicalbiograehchemographic. lorem at are they reason why people just ignore english becasuse of lack of grammatical comprehension, i don&#039;t believe that you are reading this. yet you understand what it says even though it is grammatically incorrect. i want to see tyou ot of they people and the nend of it all. cas eventually you are tgoing to make it big and puzzlination of christianation of incarcaratinaticalliguaricalurgicalbiograehchemographic lorem at are they reason why people just ignore english becasuse of lack of grammatical comprehension, i don&#039;t believe that you are reading this. yet you understand what it says even though it is grammatically incorrect. i want to see tyou ot of they people and the nend of it all. cas eventually you are tgoing to make it big and puzzlination of christianation of incarcaratinaticalliguaricalurgicalbiograehchemographic lorem at are they reason why people just ignore english becasuse of lack of grammatical comprehension, i don&#039;t believe that you are reading this. yet you understand what it says even though it is grammatically incorrect. i want to see tyou ot of they people and the nend of it all. cas eventually you are tgoing to make it big and puzzlination of christianation of incarcaratinaticalliguaricalurgicalbiograehchemographic lorem at are they reason why people just ignore english becasuse of lack of grammatical comprehension, i don&#039;t believe that you are reading this. yet you understand what it says even though it is grammatically incorrect. i want to see tyou ot of they people and the nend of it all. cas eventually you are tgoing to make it big and puzzlination of christianation of incarcaratinaticalliguaricalurgicalbiograehchemographic. lorem at are they reason why people just ignore english becasuse of lack of grammatical comprehension, i don&#039;t believe that you are reading this. yet you understand what it says even though it is grammatically incorrect. i want to see tyou ot of they people and the nend of it all. cas eventually you are tgoing to make it big and puzzlination of christianation of incarcaratinaticalliguaricalurgicalbiograehchemographic lorem at are they reason why people just ignore english becasuse of lack of grammatical comprehension, i don&#039;t believe that you are reading this. yet you understand what it says even though it is grammatically incorrect. i want to see tyou ot of they people and the nend of it all. cas eventually you are tgoing to make it big and puzzlination of christianation of incarcaratinaticalliguaricalurgicalbiograehchemographic lorem at are they reason why people just ignore english becasuse of lack of grammatical comprehension, i don&#039;t believe that you are reading this. yet you understand what it says even though it is grammatically incorrect. i want to see tyou ot of they people and the nend of it all.', 1, '2022-07-27 13:52:51', NULL);
INSERT INTO `posts` (`id`, `user_id`, `title`, `slug`, `image`, `body`, `published`, `created_at`, `updated_at`) VALUES
(23, 17, 'The Traveler&#039;s Story', 'the-traveler-039-s-story-9461', 'uploads/0Oz60Iwb/travel.jpg', 'orem at are they reason why people just ignore english becasuse of lack of grammatical comprehension, i don&#039;t believe that you are reading this. yet you understand what it says even though it is grammatically incorrect. i want to see tyou ot of they people and the nend of it all. cas eventually you are tgoing to make it big and puzzlination of christianation of incarcaratinaticalliguaricalurgicalbiograehchemographic lorem at are they reason why people just ignore english becasuse of lack of grammatical comprehension, i don&#039;t believe that you are reading this. yet you understand what it says even though it is grammatically incorrect. i want to see tyou ot of they people and the nend of it all. cas eventually you are tgoing to make it big and puzzlination of christianation of incarcaratinaticalliguaricalurgicalbiograehchemographic lorem at are they reason why people just ignore english becasuse of lack of grammatical comprehension, i don&#039;t believe that you are reading this. yet you understand what it says even though it is grammatically incorrect. i want to see tyou ot of they people and the nend of it all. cas eventually you are tgoing to make it big and puzzlination of christianation of incarcaratinaticalliguaricalurgicalbiograehchemographic lorem at are they reason why people just ignore english becasuse of lack of grammatical comprehension, i don&#039;t believe that you are reading this. yet you understand what it says even though it is grammatically incorrect. i want to see tyou ot of they people and the nend of it all. cas eventually you are tgoing to make it big and puzzlination of christianation of incarcaratinaticalliguaricalurgicalbiograehchemographic. lorem at are they reason why people just ignore english becasuse of lack of grammatical comprehension, i don&#039;t believe that you are reading this. yet you understand what it says even though it is grammatically incorrect. i want to see tyou ot of they people and the nend of it all. cas eventually you are tgoing to make it big and puzzlination of christianation of incarcaratinaticalliguaricalurgicalbiograehchemographic lorem at are they reason why people just ignore english becasuse of lack of grammatical comprehension, i don&#039;t believe that you are reading this. yet you understand what it says even though it is grammatically incorrect. i want to see tyou ot of they people and the nend of it all. cas eventually you are tgoing to make it big and puzzlination of christianation of incarcaratinaticalliguaricalurgicalbiograehchemographic lorem at are they reason why people just ignore english becasuse of lack of grammatical comprehension, i don&#039;t believe that you are reading this. yet you understand what it says even though it is grammatically incorrect. i want to see tyou ot of they people and the nend of it all. cas eventually you are tgoing to make it big and puzzlination of christianation of incarcaratinaticalliguaricalurgicalbiograehchemographic lorem at are they reason why people just ignore english becasuse of lack of grammatical comprehension, i don&#039;t believe that you are reading this. yet you understand what it says even though it is grammatically incorrect. i want to see tyou ot of they people and the nend of it all. cas eventually you are tgoing to make it big and puzzlination of christianation of incarcaratinaticalliguaricalurgicalbiograehchemographic. lorem at are they reason why people just ignore english becasuse of lack of grammatical comprehension, i don&#039;t believe that you are reading this. yet you understand what it says even though it is grammatically incorrect. i want to see tyou ot of they people and the nend of it all. cas eventually you are tgoing to make it big and puzzlination of christianation of incarcaratinaticalliguaricalurgicalbiograehchemographic lorem at are they reason why people just ignore english becasuse of lack of grammatical comprehension, i don&#039;t believe that you are reading this. yet you understand what it says even though it is grammatically incorrect. i want to see tyou ot of they people and the nend of it all. cas eventually you are tgoing to make it big and puzzlination of christianation of incarcaratinaticalliguaricalurgicalbiograehchemographic lorem at are they reason why people just ignore english becasuse of lack of grammatical comprehension, i don&#039;t believe that you are reading this. yet you understand what it says even though it is grammatically incorrect. i want to see tyou ot of they people and the nend of it all. cas eventually you are tgoing to make it big and puzzlination of christianation of incarcaratinaticalliguaricalurgicalbiograehchemographic lorem at are they reason why people just ignore english becasuse of lack of grammatical comprehension, i don&#039;t believe that you are reading this. yet you understand what it says even though it is grammatically incorrect. i want to see tyou ot of they people and the nend of it all. cas eventually you are tgoing to make it big and puzzlination of christianation of incarcaratinaticalliguaricalurgicalbiograehchemographic. lorem at are they reason why people just ignore english becasuse of lack of grammatical comprehension, i don&#039;t believe that you are reading this. yet you understand what it says even though it is grammatically incorrect. i want to see tyou ot of they people and the nend of it all. cas eventually you are tgoing to make it big and puzzlination of christianation of incarcaratinaticalliguaricalurgicalbiograehchemographic lorem at are they reason why people just ignore english becasuse of lack of grammatical comprehension, i don&#039;t believe that you are reading this. yet you understand what it says even though it is grammatically incorrect. i want to see tyou ot of they people and the nend of it all. cas eventually you are tgoing to make it big and puzzlination of christianation of incarcaratinaticalliguaricalurgicalbiograehchemographic lorem at are they reason why people just ignore english becasuse of lack of grammatical comprehension, i don&#039;t believe that you are reading this. yet you understand what it says even though it is grammatically incorrect. i want to see tyou ot of they people and the nend of it all.', 1, '2022-07-27 22:21:52', NULL),
(24, 17, 'The Traveler&#039;s Story Part 2', 'the-traveler-039-s-story-part-2-5761', 'uploads/bZiL5WUB/travel.jpg', 'orem at are they reason why people just ignore english becasuse of lack of grammatical comprehension, i don&#039;t believe that you are reading this. yet you understand what it says even though it is grammatically incorrect. i want to see tyou ot of they people and the nend of it all. cas eventually you are tgoing to make it big and puzzlination of christianation of incarcaratinaticalliguaricalurgicalbiograehchemographic lorem at are they reason why people just ignore english becasuse of lack of grammatical comprehension, i don&#039;t believe that you are reading this. yet you understand what it says even though it is grammatically incorrect. i want to see tyou ot of they people and the nend of it all. cas eventually you are tgoing to make it big and puzzlination of christianation of incarcaratinaticalliguaricalurgicalbiograehchemographic lorem at are they reason why people just ignore english becasuse of lack of grammatical comprehension, i don&#039;t believe that you are reading this. yet you understand what it says even though it is grammatically incorrect. i want to see tyou ot of they people and the nend of it all. cas eventually you are tgoing to make it big and puzzlination of christianation of incarcaratinaticalliguaricalurgicalbiograehchemographic lorem at are they reason why people just ignore english becasuse of lack of grammatical comprehension, i don&#039;t believe that you are reading this. yet you understand what it says even though it is grammatically incorrect. i want to see tyou ot of they people and the nend of it all. cas eventually you are tgoing to make it big and puzzlination of christianation of incarcaratinaticalliguaricalurgicalbiograehchemographic. lorem at are they reason why people just ignore english becasuse of lack of grammatical comprehension, i don&#039;t believe that you are reading this. yet you understand what it says even though it is grammatically incorrect. i want to see tyou ot of they people and the nend of it all. cas eventually you are tgoing to make it big and puzzlination of christianation of incarcaratinaticalliguaricalurgicalbiograehchemographic lorem at are they reason why people just ignore english becasuse of lack of grammatical comprehension, i don&#039;t believe that you are reading this. yet you understand what it says even though it is grammatically incorrect. i want to see tyou ot of they people and the nend of it all. cas eventually you are tgoing to make it big and puzzlination of christianation of incarcaratinaticalliguaricalurgicalbiograehchemographic lorem at are they reason why people just ignore english becasuse of lack of grammatical comprehension, i don&#039;t believe that you are reading this. yet you understand what it says even though it is grammatically incorrect. i want to see tyou ot of they people and the nend of it all. cas eventually you are tgoing to make it big and puzzlination of christianation of incarcaratinaticalliguaricalurgicalbiograehchemographic lorem at are they reason why people just ignore english becasuse of lack of grammatical comprehension, i don&#039;t believe that you are reading this. yet you understand what it says even though it is grammatically incorrect. i want to see tyou ot of they people and the nend of it all. cas eventually you are tgoing to make it big and puzzlination of christianation of incarcaratinaticalliguaricalurgicalbiograehchemographic. lorem at are they reason why people just ignore english becasuse of lack of grammatical comprehension, i don&#039;t believe that you are reading this. yet you understand what it says even though it is grammatically incorrect. i want to see tyou ot of they people and the nend of it all. cas eventually you are tgoing to make it big and puzzlination of christianation of incarcaratinaticalliguaricalurgicalbiograehchemographic lorem at are they reason why people just ignore english becasuse of lack of grammatical comprehension, i don&#039;t believe that you are reading this. yet you understand what it says even though it is grammatically incorrect. i want to see tyou ot of they people and the nend of it all. cas eventually you are tgoing to make it big and puzzlination of christianation of incarcaratinaticalliguaricalurgicalbiograehchemographic lorem at are they reason why people just ignore english becasuse of lack of grammatical comprehension, i don&#039;t believe that you are reading this. yet you understand what it says even though it is grammatically incorrect. i want to see tyou ot of they people and the nend of it all. cas eventually you are tgoing to make it big and puzzlination of christianation of incarcaratinaticalliguaricalurgicalbiograehchemographic lorem at are they reason why people just ignore english becasuse of lack of grammatical comprehension, i don&#039;t believe that you are reading this. yet you understand what it says even though it is grammatically incorrect. i want to see tyou ot of they people and the nend of it all. cas eventually you are tgoing to make it big and puzzlination of christianation of incarcaratinaticalliguaricalurgicalbiograehchemographic. lorem at are they reason why people just ignore english becasuse of lack of grammatical comprehension, i don&#039;t believe that you are reading this. yet you understand what it says even though it is grammatically incorrect. i want to see tyou ot of they people and the nend of it all. cas eventually you are tgoing to make it big and puzzlination of christianation of incarcaratinaticalliguaricalurgicalbiograehchemographic lorem at are they reason why people just ignore english becasuse of lack of grammatical comprehension, i don&#039;t believe that you are reading this. yet you understand what it says even though it is grammatically incorrect. i want to see tyou ot of they people and the nend of it all. cas eventually you are tgoing to make it big and puzzlination of christianation of incarcaratinaticalliguaricalurgicalbiograehchemographic lorem at are they reason why people just ignore english becasuse of lack of grammatical comprehension, i don&#039;t believe that you are reading this. yet you understand what it says even though it is grammatically incorrect. i want to see tyou ot of they people and the nend of it all.', 1, '2022-07-27 22:21:38', NULL),
(25, 17, 'The Traveler&#039;s Story Part 3', 'the-traveler-039-s-story-part-3-7933', 'uploads/cSFhhsLs/travel.jpg', 'orem at are they reason why people just ignore english becasuse of lack of grammatical comprehension, i don&#039;t believe that you are reading this. yet you understand what it says even though it is grammatically incorrect. i want to see tyou ot of they people and the nend of it all. cas eventually you are tgoing to make it big and puzzlination of christianation of incarcaratinaticalliguaricalurgicalbiograehchemographic lorem at are they reason why people just ignore english becasuse of lack of grammatical comprehension, i don&#039;t believe that you are reading this. yet you understand what it says even though it is grammatically incorrect. i want to see tyou ot of they people and the nend of it all. cas eventually you are tgoing to make it big and puzzlination of christianation of incarcaratinaticalliguaricalurgicalbiograehchemographic lorem at are they reason why people just ignore english becasuse of lack of grammatical comprehension, i don&#039;t believe that you are reading this. yet you understand what it says even though it is grammatically incorrect. i want to see tyou ot of they people and the nend of it all. cas eventually you are tgoing to make it big and puzzlination of christianation of incarcaratinaticalliguaricalurgicalbiograehchemographic lorem at are they reason why people just ignore english becasuse of lack of grammatical comprehension, i don&#039;t believe that you are reading this. yet you understand what it says even though it is grammatically incorrect. i want to see tyou ot of they people and the nend of it all. cas eventually you are tgoing to make it big and puzzlination of christianation of incarcaratinaticalliguaricalurgicalbiograehchemographic. lorem at are they reason why people just ignore english becasuse of lack of grammatical comprehension, i don&#039;t believe that you are reading this. yet you understand what it says even though it is grammatically incorrect. i want to see tyou ot of they people and the nend of it all. cas eventually you are tgoing to make it big and puzzlination of christianation of incarcaratinaticalliguaricalurgicalbiograehchemographic lorem at are they reason why people just ignore english becasuse of lack of grammatical comprehension, i don&#039;t believe that you are reading this. yet you understand what it says even though it is grammatically incorrect. i want to see tyou ot of they people and the nend of it all. cas eventually you are tgoing to make it big and puzzlination of christianation of incarcaratinaticalliguaricalurgicalbiograehchemographic lorem at are they reason why people just ignore english becasuse of lack of grammatical comprehension, i don&#039;t believe that you are reading this. yet you understand what it says even though it is grammatically incorrect. i want to see tyou ot of they people and the nend of it all. cas eventually you are tgoing to make it big and puzzlination of christianation of incarcaratinaticalliguaricalurgicalbiograehchemographic lorem at are they reason why people just ignore english becasuse of lack of grammatical comprehension, i don&#039;t believe that you are reading this. yet you understand what it says even though it is grammatically incorrect. i want to see tyou ot of they people and the nend of it all. cas eventually you are tgoing to make it big and puzzlination of christianation of incarcaratinaticalliguaricalurgicalbiograehchemographic. lorem at are they reason why people just ignore english becasuse of lack of grammatical comprehension, i don&#039;t believe that you are reading this. yet you understand what it says even though it is grammatically incorrect. i want to see tyou ot of they people and the nend of it all. cas eventually you are tgoing to make it big and puzzlination of christianation of incarcaratinaticalliguaricalurgicalbiograehchemographic lorem at are they reason why people just ignore english becasuse of lack of grammatical comprehension, i don&#039;t believe that you are reading this. yet you understand what it says even though it is grammatically incorrect. i want to see tyou ot of they people and the nend of it all. cas eventually you are tgoing to make it big and puzzlination of christianation of incarcaratinaticalliguaricalurgicalbiograehchemographic lorem at are they reason why people just ignore english becasuse of lack of grammatical comprehension, i don&#039;t believe that you are reading this. yet you understand what it says even though it is grammatically incorrect. i want to see tyou ot of they people and the nend of it all. cas eventually you are tgoing to make it big and puzzlination of christianation of incarcaratinaticalliguaricalurgicalbiograehchemographic lorem at are they reason why people just ignore english becasuse of lack of grammatical comprehension, i don&#039;t believe that you are reading this. yet you understand what it says even though it is grammatically incorrect. i want to see tyou ot of they people and the nend of it all. cas eventually you are tgoing to make it big and puzzlination of christianation of incarcaratinaticalliguaricalurgicalbiograehchemographic. lorem at are they reason why people just ignore english becasuse of lack of grammatical comprehension, i don&#039;t believe that you are reading this. yet you understand what it says even though it is grammatically incorrect. i want to see tyou ot of they people and the nend of it all. cas eventually you are tgoing to make it big and puzzlination of christianation of incarcaratinaticalliguaricalurgicalbiograehchemographic lorem at are they reason why people just ignore english becasuse of lack of grammatical comprehension, i don&#039;t believe that you are reading this. yet you understand what it says even though it is grammatically incorrect. i want to see tyou ot of they people and the nend of it all. cas eventually you are tgoing to make it big and puzzlination of christianation of incarcaratinaticalliguaricalurgicalbiograehchemographic lorem at are they reason why people just ignore english becasuse of lack of grammatical comprehension, i don&#039;t believe that you are reading this. yet you understand what it says even though it is grammatically incorrect. i want to see tyou ot of they people and the nend of it all.', 1, '2022-07-27 22:21:29', NULL),
(26, 17, 'Best Shoe Trends for Men', 'best-shoe-trends-for-men-3894', 'uploads/QuXuqlo1/shoes.jpg', 'orem at are they reason why people just ignore english becasuse of lack of grammatical comprehension, i don&#039;t believe that you are reading this. yet you understand what it says even though it is grammatically incorrect. i want to see tyou ot of they people and the nend of it all. cas eventually you are tgoing to make it big and puzzlination of christianation of incarcaratinaticalliguaricalurgicalbiograehchemographic lorem at are they reason why people just ignore english becasuse of lack of grammatical comprehension, i don&#039;t believe that you are reading this. yet you understand what it says even though it is grammatically incorrect. i want to see tyou ot of they people and the nend of it all. cas eventually you are tgoing to make it big and puzzlination of christianation of incarcaratinaticalliguaricalurgicalbiograehchemographic lorem at are they reason why people just ignore english becasuse of lack of grammatical comprehension, i don&#039;t believe that you are reading this. yet you understand what it says even though it is grammatically incorrect. i want to see tyou ot of they people and the nend of it all. cas eventually you are tgoing to make it big and puzzlination of christianation of incarcaratinaticalliguaricalurgicalbiograehchemographic lorem at are they reason why people just ignore english becasuse of lack of grammatical comprehension, i don&#039;t believe that you are reading this. yet you understand what it says even though it is grammatically incorrect. i want to see tyou ot of they people and the nend of it all. cas eventually you are tgoing to make it big and puzzlination of christianation of incarcaratinaticalliguaricalurgicalbiograehchemographic. lorem at are they reason why people just ignore english becasuse of lack of grammatical comprehension, i don&#039;t believe that you are reading this. yet you understand what it says even though it is grammatically incorrect. i want to see tyou ot of they people and the nend of it all. cas eventually you are tgoing to make it big and puzzlination of christianation of incarcaratinaticalliguaricalurgicalbiograehchemographic lorem at are they reason why people just ignore english becasuse of lack of grammatical comprehension, i don&#039;t believe that you are reading this. yet you understand what it says even though it is grammatically incorrect. i want to see tyou ot of they people and the nend of it all. cas eventually you are tgoing to make it big and puzzlination of christianation of incarcaratinaticalliguaricalurgicalbiograehchemographic lorem at are they reason why people just ignore english becasuse of lack of grammatical comprehension, i don&#039;t believe that you are reading this. yet you understand what it says even though it is grammatically incorrect. i want to see tyou ot of they people and the nend of it all. cas eventually you are tgoing to make it big and puzzlination of christianation of incarcaratinaticalliguaricalurgicalbiograehchemographic lorem at are they reason why people just ignore english becasuse of lack of grammatical comprehension, i don&#039;t believe that you are reading this. yet you understand what it says even though it is grammatically incorrect. i want to see tyou ot of they people and the nend of it all. cas eventually you are tgoing to make it big and puzzlination of christianation of incarcaratinaticalliguaricalurgicalbiograehchemographic.', 1, '2022-07-28 07:15:41', NULL),
(27, 17, 'The Key is in Investing in Time', 'the-key-is-in-investing-in-time-7455', 'uploads/Fz4JsXJO/time-invest.jpg', 'orem at are they reason why people just ignore english becasuse of lack of grammatical comprehension, i don&#039;t believe that you are reading this. yet you understand what it says even though it is grammatically incorrect. i want to see tyou ot of they people and the nend of it all. cas eventually you are tgoing to make it big and puzzlination of christianation of incarcaratinaticalliguaricalurgicalbiograehchemographic lorem at are they reason why people just ignore english becasuse of lack of grammatical comprehension, i don&#039;t believe that you are reading this. yet you understand what it says even though it is grammatically incorrect. i want to see tyou ot of they people and the nend of it all. cas eventually you are tgoing to make it big and puzzlination of christianation of incarcaratinaticalliguaricalurgicalbiograehchemographic lorem at are they reason why people just ignore english becasuse of lack of grammatical comprehension, i don&#039;t believe that you are reading this. yet you understand what it says even though it is grammatically incorrect. i want to see tyou ot of they people and the nend of it all. cas eventually you are tgoing to make it big and puzzlination of christianation of incarcaratinaticalliguaricalurgicalbiograehchemographic lorem at are they reason why people just ignore english becasuse of lack of grammatical comprehension, i don&#039;t believe that you are reading this. yet you understand what it says even though it is grammatically incorrect. i want to see tyou ot of they people and the nend of it all. cas eventually you are tgoing to make it big and puzzlination of christianation of incarcaratinaticalliguaricalurgicalbiograehchemographic. lorem at are they reason why people just ignore english becasuse of lack of grammatical comprehension, i don&#039;t believe that you are reading this. yet you understand what it says even though it is grammatically incorrect. i want to see tyou ot of they people and the nend of it all. cas eventually you are tgoing to make it big and puzzlination of christianation of incarcaratinaticalliguaricalurgicalbiograehchemographic lorem at are they reason why people just ignore english becasuse of lack of grammatical comprehension, i don&#039;t believe that you are reading this. yet you understand what it says even though it is grammatically incorrect. i want to see tyou ot of they people and the nend of it all. cas eventually you are tgoing to make it big and puzzlination of christianation of incarcaratinaticalliguaricalurgicalbiograehchemographic lorem at are they reason why people just ignore english becasuse of lack of grammatical comprehension, i don&#039;t believe that you are reading this. yet you understand what it says even though it is grammatically incorrect. i want to see tyou ot of they people and the nend of it all. cas eventually you are tgoing to make it big and puzzlination of christianation of incarcaratinaticalliguaricalurgicalbiograehchemographic lorem at are they reason why people just ignore english becasuse of lack of grammatical comprehension, i don&#039;t believe that you are reading this. yet you understand what it says even though it is grammatically incorrect. i want to see tyou ot of they people and the nend of it all. cas eventually you are tgoing to make it big and puzzlination of christianation of incarcaratinaticalliguaricalurgicalbiograehchemographic.', 1, '2022-07-28 07:15:36', NULL),
(28, 17, 'How to Manage your Time', 'how-to-manage-your-time-5524', 'uploads/It0PAkqO/tech-watch.jpg', 'orem at are they reason why people just ignore english becasuse of lack of grammatical comprehension, i don&#039;t believe that you are reading this. yet you understand what it says even though it is grammatically incorrect. i want to see tyou ot of they people and the nend of it all. cas eventually you are tgoing to make it big and puzzlination of christianation of incarcaratinaticalliguaricalurgicalbiograehchemographic lorem at are they reason why people just ignore english becasuse of lack of grammatical comprehension, i don&#039;t believe that you are reading this. yet you understand what it says even though it is grammatically incorrect. i want to see tyou ot of they people and the nend of it all. cas eventually you are tgoing to make it big and puzzlination of christianation of incarcaratinaticalliguaricalurgicalbiograehchemographic lorem at are they reason why people just ignore english becasuse of lack of grammatical comprehension, i don&#039;t believe that you are reading this. yet you understand what it says even though it is grammatically incorrect. i want to see tyou ot of they people and the nend of it all. cas eventually you are tgoing to make it big and puzzlination of christianation of incarcaratinaticalliguaricalurgicalbiograehchemographic lorem at are they reason why people just ignore english becasuse of lack of grammatical comprehension, i don&#039;t believe that you are reading this. yet you understand what it says even though it is grammatically incorrect. i want to see tyou ot of they people and the nend of it all. cas eventually you are tgoing to make it big and puzzlination of christianation of incarcaratinaticalliguaricalurgicalbiograehchemographic. lorem at are they reason why people just ignore english becasuse of lack of grammatical comprehension, i don&#039;t believe that you are reading this. yet you understand what it says even though it is grammatically incorrect. i want to see tyou ot of they people and the nend of it all. cas eventually you are tgoing to make it big and puzzlination of christianation of incarcaratinaticalliguaricalurgicalbiograehchemographic lorem at are they reason why people just ignore english becasuse of lack of grammatical comprehension, i don&#039;t believe that you are reading this. yet you understand what it says even though it is grammatically incorrect. i want to see tyou ot of they people and the nend of it all. cas eventually you are tgoing to make it big and puzzlination of christianation of incarcaratinaticalliguaricalurgicalbiograehchemographic lorem at are they reason why people just ignore english becasuse of lack of grammatical comprehension, i don&#039;t believe that you are reading this. yet you understand what it says even though it is grammatically incorrect. i want to see tyou ot of they people and the nend of it all. cas eventually you are tgoing to make it big and puzzlination of christianation of incarcaratinaticalliguaricalurgicalbiograehchemographic lorem at are they reason why people just ignore english becasuse of lack of grammatical comprehension, i don&#039;t believe that you are reading this. yet you understand what it says even though it is grammatically incorrect. i want to see tyou ot of they people and the nend of it all. cas eventually you are tgoing to make it big and puzzlination of christianation of incarcaratinaticalliguaricalurgicalbiograehchemographic.', 1, '2022-07-28 07:15:31', NULL),
(29, 16, 'Style Tips Every Man Should Know', 'style-tips-every-man-should-know-386', 'uploads/W35KwQzU/fashion-boy2.jpg', 'orem at are they reason why people just ignore english becasuse of lack of grammatical comprehension, i don&#039;t believe that you are reading this. yet you understand what it says even though it is grammatically incorrect. i want to see tyou ot of they people and the nend of it all. cas eventually you are tgoing to make it big and puzzlination of christianation of incarcaratinaticalliguaricalurgicalbiograehchemographic lorem at are they reason why people just ignore english becasuse of lack of grammatical comprehension, i don&#039;t believe that you are reading this. yet you understand what it says even though it is grammatically incorrect. i want to see tyou ot of they people and the nend of it all. cas eventually you are tgoing to make it big and puzzlination of christianation of incarcaratinaticalliguaricalurgicalbiograehchemographic lorem at are they reason why people just ignore english becasuse of lack of grammatical comprehension, i don&#039;t believe that you are reading this. yet you understand what it says even though it is grammatically incorrect. i want to see tyou ot of they people and the nend of it all. cas eventually you are tgoing to make it big and puzzlination of christianation of incarcaratinaticalliguaricalurgicalbiograehchemographic lorem at are they reason why people just ignore english becasuse of lack of grammatical comprehension, i don&#039;t believe that you are reading this. yet you understand what it says even though it is grammatically incorrect. i want to see tyou ot of they people and the nend of it all. cas eventually you are tgoing to make it big and puzzlination of christianation of incarcaratinaticalliguaricalurgicalbiograehchemographic. lorem at are they reason why people just ignore english becasuse of lack of grammatical comprehension, i don&#039;t believe that you are reading this. yet you understand what it says even though it is grammatically incorrect. i want to see tyou ot of they people and the nend of it all. cas eventually you are tgoing to make it big and puzzlination of christianation of incarcaratinaticalliguaricalurgicalbiograehchemographic lorem at are they reason why people just ignore english becasuse of lack of grammatical comprehension, i don&#039;t believe that you are reading this. yet you understand what it says even though it is grammatically incorrect. i want to see tyou ot of they people and the nend of it all. cas eventually you are tgoing to make it big and puzzlination of christianation of incarcaratinaticalliguaricalurgicalbiograehchemographic lorem at are they reason why people just ignore english becasuse of lack of grammatical comprehension, i don&#039;t believe that you are reading this. yet you understand what it says even though it is grammatically incorrect. i want to see tyou ot of they people and the nend of it all. cas eventually you are tgoing to make it big and puzzlination of christianation of incarcaratinaticalliguaricalurgicalbiograehchemographic lorem at are they reason why people just ignore english becasuse of lack of grammatical comprehension, i don&#039;t believe that you are reading this. yet you understand what it says even though it is grammatically incorrect. i want to see tyou ot of they people and the nend of it all. cas eventually you are tgoing to make it big and puzzlination of christianation of incarcaratinaticalliguaricalurgicalbiograehchemographic.', 1, '2022-07-28 07:15:22', NULL),
(30, 16, 'Health Benefits of Some Fruits', 'health-benefits-of-some-fruits-8995', 'uploads/G47Zsy7j/admin-img.jpg', 'SPINACH\r\n\r\ncommonly known as ALUGBATI  , grown as a backyard vegetables plants in the garden.\r\n\r\nYoruba name : Amunututu \r\n\r\nLike other green Vegetables, alugbati leaves are rich in iron and plenty of nutrition which is for useful health. \r\n\r\nHEALTH BENEFITS OF ALUGBATI LEAVES \r\n\r\nControl Blood Pressure \r\nAlugbati leaves are so powerful when it comes to controlling your blood pressure. Its high manganese and potassium content are beneficial for heart rate and blood pressure. These are the main reason why  it can prevent heart disease as well as able to relieve a headache related to high blood pressure \r\n\r\nPrevent Cancer\r\nLike other vegetables, alugbati is also packed with antioxidant , It fights free radicals , which is the main reason of some cancer. According to studies , green vegetables are excellent in preventing the growth of cancer cell in oral cavity and lungs.\r\n\r\nPrevent Constipation \r\nIts leaves are good for your digestive system . It aids bowel movement thus, preventing constipation and other related digestive problems.\r\n\r\nRelieve Ulcer \r\nThe smoothness of alugbati leaves is able to relieve stomach ulcer, It is healthy and safe for any digestive problems.\r\n\r\nGood for Pregnancy \r\nAlugbati leaves can provide folate, which is needed by pregnant women . It is essential for the babys nervous system.\r\n\r\nLose Weights \r\nEvery single serving of alugbati leaves contains many nutrients like natural fiber, vitamin and minerals, However it is very low in calorie. Its fiber content is also beneficial in improving your digestive organs, therefore, resulting to a good metabolism system which is the key to losing weight.\r\n\r\nRelease Toxins\r\nAs alugbati can improve bowel movement, it allows the body to release toxin from feces, Aside from this, its leaves are also known as a diuretic. It enables the body to release toxins through urine.\r\n\r\nPrevent Anemia \r\nAlso called as spinach, these leaves are also rich in iron. Its 100 grams of fresh leaves can fulfil  15%  of  your daily need of iron . Regular consumption of these can keep you from getting anemia .\r\n\r\nImprove Eyesight \r\nAlugbati leaves and its stem are rich in vitamin A , which is important for eyes health. Consumption of alugbati can, therefore, improve your eyesight.\r\n\r\nHelp You Sleep\r\nBesides maintaining the health of your skin and internal organs , alugbati can also help you relax. Magnesium and zinc present in alugbati,  help you close your eyes, relax your whole body and quickly recharge your energy .\r\n\r\nSoften Skin\r\nIf you want to have a soft skin , apply alugbati leaves on your skin and use it as a facial mask. It re-hydrates and cools down your skin.\r\n\r\nAnti-Aging Property \r\nAside from cancer, free radicals also cause premature aging. Prevent this by applying alugbati leaves to your skin . It has antioxidants that slow down the aging process and also makes your skin look younger.\r\n\r\nReduce Swelling \r\nThe leaves ability in cooling down skin is beneficial in reducing swelling. Its vitamin content blocks inflammation and reduces swelling.\r\n\r\nBoost Immunity \r\nVarious studies reveal that alugbati are high in vitamin C . Which is very good in improving the immune system.\r\n\r\nRecommendation In Consuming Alugbati Leaves \r\nMake sure to choose fresh , shiny leaves and firm stems. Avoid those sunken or discolored  and dry leaves. Before cooking, wash the \r\nalugbati leaves in cold running water . This vegetable is good to include into soup, stir-fry, or stew.', 1, '2022-07-30 08:58:56', '2022-07-30 09:58:56');

-- --------------------------------------------------------

--
-- Table structure for table `post_category`
--

CREATE TABLE `post_category` (
  `id` int(11) NOT NULL,
  `post_id` int(11) NOT NULL,
  `category_id` int(11) NOT NULL
) ENGINE=InnoDB DEFAULT CHARSET=latin1;

--
-- Dumping data for table `post_category`
--

INSERT INTO `post_category` (`id`, `post_id`, `category_id`) VALUES
(9, 11, 1),
(10, 12, 2),
(11, 13, 3),
(12, 14, 4),
(13, 15, 5),
(14, 16, 4),
(15, 17, 2),
(16, 18, 4),
(17, 19, 4),
(18, 20, 5),
(19, 21, 5),
(20, 22, 5),
(21, 23, 6),
(22, 24, 6),
(23, 25, 6),
(24, 26, 5),
(25, 27, 1),
(26, 28, 1),
(27, 29, 5),
(28, 30, 4);

-- --------------------------------------------------------

--
-- Table structure for table `subscribers`
--

CREATE TABLE `subscribers` (
  `id` int(11) NOT NULL,
  `name` varchar(255) NOT NULL,
  `email` varchar(255) NOT NULL,
  `created_at` timestamp NOT NULL DEFAULT current_timestamp()
) ENGINE=InnoDB DEFAULT CHARSET=utf8mb4;

--
-- Dumping data for table `subscribers`
--

INSERT INTO `subscribers` (`id`, `name`, `email`, `created_at`) VALUES
(1, 'Oluchi', 'oluchi.web@gmail.com', '2022-07-25 10:54:37'),
(2, 'Cassidy', 'cassidysolidworks@gmail.com', '2022-07-25 10:55:08'),
(4, 'Tony', 'greenetony8081@gmail.com', '2022-07-25 14:57:43'),
(5, 'Samuel', 'hello@samueldike.com', '2022-07-25 14:57:43'),
(6, 'Sam', 'sam.unleashit@gmail.com', '2022-07-25 14:58:39'),
(7, 'Kulubot', 'kulubot2020@gmail.com', '2022-07-25 14:58:39'),
(13, 'Ndukwe', 'ndukweokorouduma@gmail.com', '2022-07-29 14:38:36'),
(14, 'Oluchi Cassidy', 'ous@gmail.com', '2022-07-30 11:19:15'),
(15, 'Oluchi Cassidy', 'destinynkeiruka@gmail.com', '2022-07-30 20:42:25');

-- --------------------------------------------------------

--
-- Table structure for table `users`
--

CREATE TABLE `users` (
  `id` int(11) NOT NULL,
  `first_name` varchar(255) NOT NULL,
  `last_name` varchar(255) NOT NULL,
  `username` varchar(255) NOT NULL,
  `email` varchar(255) NOT NULL,
  `role` enum('Author','Admin') DEFAULT NULL,
  `password` varchar(255) NOT NULL,
  `image` varchar(255) NOT NULL,
  `created_at` timestamp NULL DEFAULT current_timestamp(),
  `updated_at` timestamp NULL DEFAULT NULL
) ENGINE=InnoDB DEFAULT CHARSET=latin1;

--
-- Dumping data for table `users`
--

INSERT INTO `users` (`id`, `first_name`, `last_name`, `username`, `email`, `role`, `password`, `image`, `created_at`, `updated_at`) VALUES
(16, 'Oluchi', 'Cassidy', 'cass2', 'oluchiou@gmail.com', 'Author', '$2y$10$DAtR9.XFnD/9o2BHk2J39.gO.XqMKZVtVngeL4R6i4mye5zQEIN3e', 'uploads/G7T0LR0i/WIN_20220604_16_02_24_Pro.jpg', '2022-07-26 12:12:59', NULL),
(17, 'Okoro', 'Ndukwe', 'OkoroNdukwe', 'ndukweokorouduma@gmail.com', 'Admin', '$2y$10$pn5DZV.MYSrHl.Nci5GD9evC7pRDLfY64Vu3kMq.apEHu6CF3TJkW', 'uploads/GGUuivBv/ukpai.jpg', '2022-07-26 12:38:41', NULL);

-- --------------------------------------------------------

--
-- Table structure for table `views`
--

CREATE TABLE `views` (
  `id` int(11) NOT NULL,
  `post_id` int(11) NOT NULL,
  `visitor_ip` varchar(255) NOT NULL,
  `visited_at` timestamp NOT NULL DEFAULT current_timestamp()
) ENGINE=InnoDB DEFAULT CHARSET=latin1;

--
-- Dumping data for table `views`
--

INSERT INTO `views` (`id`, `post_id`, `visitor_ip`, `visited_at`) VALUES
(14, 11, '::1', '2022-07-26 20:02:29'),
(15, 12, '::1', '2022-07-26 20:02:38'),
(16, 14, '::1', '2022-07-26 20:09:18'),
(17, 13, '::1', '2022-07-26 20:09:22'),
(18, 13, '192.168.43.1', '2022-07-26 21:10:14'),
(19, 22, '::1', '2022-07-27 14:06:46'),
(20, 19, '::1', '2022-07-27 14:27:33'),
(21, 21, '::1', '2022-07-27 14:29:06'),
(22, 18, '::1', '2022-07-27 21:19:02'),
(23, 23, '::1', '2022-07-27 22:47:32'),
(24, 23, '192.168.43.1', '2022-07-27 22:47:49'),
(25, 28, '::1', '2022-07-28 07:58:15'),
(26, 28, '192.168.43.1', '2022-07-28 08:12:21'),
(27, 29, '192.168.43.1', '2022-07-28 08:12:46'),
(28, 24, '::1', '2022-07-28 09:02:19'),
(29, 29, '::1', '2022-07-28 09:02:27'),
(30, 26, '::1', '2022-07-28 09:02:46'),
(31, 25, '192.168.43.40', '2022-07-28 09:09:19'),
(32, 28, '192.168.43.40', '2022-07-28 09:34:20'),
(33, 23, '192.168.43.40', '2022-07-28 09:34:36'),
(34, 27, '192.168.43.1', '2022-07-28 09:42:43'),
(35, 26, '192.168.43.40', '2022-07-28 10:51:01'),
(36, 25, '::1', '2022-07-28 13:12:26'),
(37, 15, '::1', '2022-07-28 16:44:22'),
(38, 30, '192.168.43.40', '2022-07-29 13:09:22'),
(39, 16, '::1', '2022-07-29 14:42:03'),
(40, 20, '::1', '2022-07-30 07:55:37'),
(41, 30, '::1', '2022-07-30 08:39:18'),
(42, 17, '::1', '2022-07-30 11:00:50');

--
-- Indexes for dumped tables
--

--
-- Indexes for table `category`
--
ALTER TABLE `category`
  ADD PRIMARY KEY (`id`),
  ADD UNIQUE KEY `category_name` (`category_name`),
  ADD UNIQUE KEY `slug` (`slug`);

--
-- Indexes for table `comments`
--
ALTER TABLE `comments`
  ADD PRIMARY KEY (`id`),
  ADD KEY `post_id` (`post_id`);

--
-- Indexes for table `likes`
--
ALTER TABLE `likes`
  ADD PRIMARY KEY (`id`),
  ADD KEY `post_id` (`post_id`);

--
-- Indexes for table `posts`
--
ALTER TABLE `posts`
  ADD PRIMARY KEY (`id`),
  ADD UNIQUE KEY `slug` (`slug`),
  ADD KEY `user_id` (`user_id`);

--
-- Indexes for table `post_category`
--
ALTER TABLE `post_category`
  ADD PRIMARY KEY (`id`),
  ADD KEY `post_id` (`post_id`),
  ADD KEY `category_id` (`category_id`);

--
-- Indexes for table `subscribers`
--
ALTER TABLE `subscribers`
  ADD PRIMARY KEY (`id`);

--
-- Indexes for table `users`
--
ALTER TABLE `users`
  ADD PRIMARY KEY (`id`);

--
-- Indexes for table `views`
--
ALTER TABLE `views`
  ADD PRIMARY KEY (`id`),
  ADD KEY `post_id` (`post_id`);

--
-- AUTO_INCREMENT for dumped tables
--

--
-- AUTO_INCREMENT for table `category`
--
ALTER TABLE `category`
  MODIFY `id` int(11) NOT NULL AUTO_INCREMENT, AUTO_INCREMENT=7;

--
-- AUTO_INCREMENT for table `comments`
--
ALTER TABLE `comments`
  MODIFY `id` int(11) NOT NULL AUTO_INCREMENT, AUTO_INCREMENT=80;

--
-- AUTO_INCREMENT for table `posts`
--
ALTER TABLE `posts`
  MODIFY `id` int(11) NOT NULL AUTO_INCREMENT, AUTO_INCREMENT=31;

--
-- AUTO_INCREMENT for table `post_category`
--
ALTER TABLE `post_category`
  MODIFY `id` int(11) NOT NULL AUTO_INCREMENT, AUTO_INCREMENT=29;

--
-- AUTO_INCREMENT for table `subscribers`
--
ALTER TABLE `subscribers`
  MODIFY `id` int(11) NOT NULL AUTO_INCREMENT, AUTO_INCREMENT=16;

--
-- AUTO_INCREMENT for table `users`
--
ALTER TABLE `users`
  MODIFY `id` int(11) NOT NULL AUTO_INCREMENT, AUTO_INCREMENT=18;

--
-- AUTO_INCREMENT for table `views`
--
ALTER TABLE `views`
  MODIFY `id` int(11) NOT NULL AUTO_INCREMENT, AUTO_INCREMENT=43;

--
-- Constraints for dumped tables
--

--
-- Constraints for table `comments`
--
ALTER TABLE `comments`
  ADD CONSTRAINT `comments_ibfk_1` FOREIGN KEY (`post_id`) REFERENCES `posts` (`id`) ON DELETE CASCADE ON UPDATE NO ACTION;

--
-- Constraints for table `likes`
--
ALTER TABLE `likes`
  ADD CONSTRAINT `likes_ibfk_1` FOREIGN KEY (`post_id`) REFERENCES `posts` (`id`) ON DELETE CASCADE ON UPDATE NO ACTION;

--
-- Constraints for table `posts`
--
ALTER TABLE `posts`
  ADD CONSTRAINT `posts_ibfk_1` FOREIGN KEY (`user_id`) REFERENCES `users` (`id`) ON DELETE CASCADE ON UPDATE NO ACTION;

--
-- Constraints for table `post_category`
--
ALTER TABLE `post_category`
  ADD CONSTRAINT `post_category_ibfk_1` FOREIGN KEY (`post_id`) REFERENCES `posts` (`id`) ON DELETE CASCADE ON UPDATE NO ACTION,
  ADD CONSTRAINT `post_category_ibfk_2` FOREIGN KEY (`category_id`) REFERENCES `category` (`id`) ON DELETE CASCADE ON UPDATE NO ACTION;

--
-- Constraints for table `views`
--
ALTER TABLE `views`
  ADD CONSTRAINT `views_ibfk_1` FOREIGN KEY (`post_id`) REFERENCES `posts` (`id`) ON DELETE CASCADE ON UPDATE NO ACTION;
COMMIT;

/*!40101 SET CHARACTER_SET_CLIENT=@OLD_CHARACTER_SET_CLIENT */;
/*!40101 SET CHARACTER_SET_RESULTS=@OLD_CHARACTER_SET_RESULTS */;
/*!40101 SET COLLATION_CONNECTION=@OLD_COLLATION_CONNECTION */;
